Period,low,high,Number
PAL-NEO,-10000,-3000,1
PAL-NEO,-10000,-3000,1
PAL-NEO,-10000,-3000,1
PAL-PP,-10000,-350,1
PAL-PP,-10000,-350,2
PAL-PP,-10000,-350,1
NEO,-7000,-3000,1
NEO-H,-7000,-50,1
NEO-PP2,-7000,-800,1
PP,-3000,-350,1
PP,-3000,-350,4
PP,-3000,-350,1
PP,-3000,-350,1
PP,-3000,-350,1
PP1,-3000,-1300,7
PP1,-3000,-1300,1
PP1,-3000,-1300,23
PP1,-3000,-1300,24
PP1,-3000,-1300,1
PP1,-3000,-1300,1
PP1-H,-3000,-50,2
PP1-H,-3000,-50,1
PP1-H,-3000,-50,1
PP1-H,-3000,-50,1
PP1-H,-3000,-50,8
PP1-H,-3000,-50,2
PP1-H,-3000,-50,2
PP1-H,-3000,-50,1
PP1-H,-3000,-50,1
PP1-H,-3000,-50,11
PP1-H,-3000,-50,2
PP1-H,-3000,-50,2
PP1-H,-3000,-50,3
PP1-H,-3000,-50,6
PP1-H,-3000,-50,9
PP1-H,-3000,-50,6
PP1-H,-3000,-50,4
PP1-H,-3000,-50,1
PP1-H,-3000,-50,2
PP1-H,-3000,-50,8
PP1-H,-3000,-50,1
PP1-H,-3000,-50,1
PP1-H,-3000,-50,3
PP1-H,-3000,-50,1
PP1-H,-3000,-50,1
PP1-H,-3000,-50,17
PP1-H,-3000,-50,3
PP1-H,-3000,-50,2
PP1-H,-3000,-50,3
PP1-H,-3000,-50,1
PP1-H,-3000,-50,1
PP1-H,-3000,-50,2
PP1-H,-3000,-50,6
PP1-H,-3000,-50,4
PP1-H,-3000,-50,1
PP1-H,-3000,-50,1
PP1-PP2,-3000,-800,6
PP1-PP2,-3000,-800,1
PP1-PP2,-3000,-800,2
PP1-PP2,-3000,-800,8
PP1-PP2,-3000,-800,1
PP1-PP2,-3000,-800,4
PP1-PP2,-3000,-800,3
PP1-PP2,-3000,-800,1
PP1-PP2,-3000,-800,2
PP1-PP2,-3000,-800,1
PP1-PP2,-3000,-800,1
PP,-3000,-350,1
PP,-3000,-350,2
PP,-3000,-350,1
PP1-R,-3000,500,15
PP1-R,-3000,500,1
PP1-R,-3000,500,5
PP1-R,-3000,500,9
PP1-R,-3000,500,1
PP1-R,-3000,500,5
PP1-R,-3000,500,5
PP1-R,-3000,500,1
PP2,-1300,-800,1
PP2,-1300,-800,4
PP2,-1300,-800,2
PP2,-1300,-800,1
PP2,-1300,-800,2
PP2,-1300,-800,2
PP2,-1300,-800,17
PP2,-1300,-800,1
PP2,-1300,-800,1
PP2,-1300,-800,1
PP2,-1300,-800,1
PP2,-1300,-800,1
PP2,-1300,-800,1
PP2,-1300,-800,1
PP2,-1300,-800,1
PP2,-1300,-800,1
PP2,-1300,-800,1
PP2,-1300,-800,1
PP2,-1300,-800,1
PP2,-1300,-800,2
PP2-H,-1300,-50,1
PP2-H,-1300,-50,1
PP2-H,-1300,-50,1
PP2-H,-1300,-50,29
PP2-H,-1300,-50,1
PP2-H,-1300,-50,2
PP2-H,-1300,-50,1
PP2-H,-1300,-50,2
PP2-H,-1300,-50,1
PP2-H,-1300,-50,3
PP2-H,-1300,-50,1
PP2-H,-1300,-50,1
PP2-H,-1300,-50,1
PP2-H,-1300,-50,1
PP2-H,-1300,-50,1
PP2-H,-1300,-50,7
PP2-H,-1300,-50,1
PP2-H,-1300,-50,4
PP2-H,-1300,-50,1
PP2-H,-1300,-50,1
PP2-H,-1300,-50,1
PP2-H,-1300,-50,2
PP2-H,-1300,-50,1
PP2-H,-1300,-50,4
PP2-H,-1300,-50,1
PP2-H,-1300,-50,1
PP2-H,-1300,-50,1
PP2-H,-1300,-50,1
PP2-H,-1300,-50,1
PP2-H,-1300,-50,2
PP2-H,-1300,-50,1
PP2-H,-1300,-50,1
PP2-H,-1300,-50,1
PP2-H,-1300,-50,2
PP2-H,-1300,-50,1
PP2-H,-1300,-50,1
PP2-H,-1300,-50,12
PP2-H,-1300,-50,5
PP2-H,-1300,-50,8
PP2-H,-1300,-50,1
PP2-H,-1300,-50,22
PP2-H,-1300,-50,14
PP2-H,-1300,-50,6
PP2-H,-1300,-50,2
PP2-H,-1300,-50,2
PP2-H,-1300,-50,2
PP2-H,-1300,-50,18
PP2-H,-1300,-50,2
PP2-H,-1300,-50,2
PP2-H,-1300,-50,1
PP2-H,-1300,-50,3
PP2-H,-1300,-50,1
PP2-H,-1300,-50,41
PP2-H,-1300,-50,1
PP2-H,-1300,-50,2
PP2-H,-1300,-50,8
PP2-H,-1300,-50,1
PP2-H,-1300,-50,2
PP2-H,-1300,-50,3
PP2-H,-1300,-50,8
PP2-H,-1300,-50,1
PP2-H,-1300,-50,1
PP2-H,-1300,-50,1
PP2-H,-1300,-50,2
PP2-H,-1300,-50,3
PP2-H,-1300,-50,1
PP2-H,-1300,-50,8
PP2-H,-1300,-50,12
PP2-H,-1300,-50,1
PP2-H,-1300,-50,2
PP2-H,-1300,-50,4
PP2-H,-1300,-50,1
PP2-H,-1300,-50,1
PP2-H,-1300,-50,2
PP2-H,-1300,-50,7
PP2-H,-1300,-50,1
PP2-H,-1300,-50,2
PP2-H,-1300,-50,1
PP2-H,-1300,-50,1
PP2-H,-1300,-50,1
PP2-H,-1300,-50,1
PP2-H,-1300,-50,2
PP2-H,-1300,-50,1
PP2-H,-1300,-50,6
PP2-H,-1300,-50,1
PP2-H,-1300,-50,2
PP2-H,-1300,-50,1
PP2-H,-1300,-50,2
PP2-H,-1300,-50,6
PP2-H,-1300,-50,1
PP2-H,-1300,-50,1
PP2-H,-1300,-50,1
PP2-H,-1300,-50,1
PP2-H,-1300,-50,1
PP2-H,-1300,-50,1
PP2-H,-1300,-50,2
PP2-H,-1300,-50,1
PP2-H,-1300,-50,1
PP2-H,-1300,-50,1
PP2-H,-1300,-50,15
PP2-H,-1300,-50,1
PP2-H,-1300,-50,3
PP2-H,-1300,-50,1
PP2-H,-1300,-50,1
PP2-H,-1300,-50,2
PP2-H,-1300,-50,1
PP2-H,-1300,-50,2
PP2-H,-1300,-50,1
PP2-H,-1300,-50,1
PP2-H,-1300,-50,4
PP2-H,-1300,-50,2
PP2-H,-1300,-50,1
PP2-H,-1300,-50,1
PP2-PP3,-1300,-480,2
PP2-PP3,-1300,-480,1
PP2-PP3,-1300,-480,3
PP2-PP3,-1300,-480,2
PP2-PP3,-1300,-480,5
PP2-PP3,-1300,-480,8
PP2-PP3,-1300,-480,5
PP2-PP3,-1300,-480,1
PP2-PP3,-1300,-480,1
PP2-PP3,-1300,-480,39
PP2-PP3,-1300,-480,1
PP2-PP3,-1300,-480,1
PP2-PP3,-1300,-480,7
PP2-PP3,-1300,-480,1
PP2-PP3,-1300,-480,2
PP2-PP3,-1300,-480,2
PP2-PP3,-1300,-480,1
PP2-PP3,-1300,-480,1
PP2-PP3,-1300,-480,14
PP2-PP3,-1300,-480,6
PP2-PP3,-1300,-480,1
PP2-PP3,-1300,-480,11
PP2-PP3,-1300,-480,1
PP2-R,-1300,500,7
PP2-R,-1300,500,9
PP2-R,-1300,500,1
PP2-R,-1300,500,3
PP2-R,-1300,500,1
PP2-R,-1300,500,1
PP2-R,-1300,500,8
PP2-R,-1300,500,12
PP2-R,-1300,500,1
PP2-R,-1300,500,1
PP2-R1,-1300,80,1
PP2-R,-1300,500,2
PP2-R,-1300,500,1
PP2-R,-1300,500,14
PP2-R,-1300,500,1
PP2-R,-1300,500,5
PP2-R,-1300,500,1
PP2-R,-1300,500,1
PP3-H,-800,-50,1
PP3-H,-800,-50,3
PP3-H,-800,-50,2
PP3-H,-800,-50,2
PP3-H,-800,-50,1
PP3-H,-800,-50,5
PP3-H,-800,-50,3
PP3-H,-800,-50,2
PP3-H,-800,-50,10
PP3-H,-800,-50,2
PP3-H,-800,-50,3
PP3-H,-800,-50,4
PP3-H,-800,-50,3
PP3-H,-800,-50,3
PP3-H,-800,-50,2
PP3-H,-800,-50,2
PP3-H,-800,-50,1
PP3-H,-800,-50,1
PP3-H,-800,-50,1
PP3-H,-800,-50,1
PP3-H,-800,-50,1
PP3-H,-800,-50,12
PP3-H,-800,-50,1
PP3-H,-800,-50,2
PP3-H,-800,-50,1
PP3-H,-800,-50,2
PP3-H,-800,-50,1
PP3-H,-800,-50,1
PP3-H,-800,-50,2
PP3-H,-800,-50,2
PP3-H,-800,-50,2
PP3-H,-800,-50,1
PP3-H,-800,-50,8
PP3-H,-800,-50,2
PP3-H,-800,-50,1
PP3-H,-800,-50,3
PP3-H,-800,-50,1
PP3-H,-800,-50,1
PP3-H,-800,-50,4
PP3-H,-800,-50,1
PP3-H,-800,-50,1
PP3-H,-800,-50,1
PP3-H,-800,-50,7
PP3-H,-800,-50,1
PP3-H,-800,-50,1
PP3-H,-800,-50,1
PP3-H,-800,-50,1
PP3-H,-800,-50,1
PP3-H,-800,-50,1
PP3-H,-800,-50,1
PP3-H,-800,-50,1
PP3-H1,-800,-200,1
PP3-H1,-800,-200,2
PP3-H1,-800,-200,2
PP3-M,-800,1500,3
PP3-M,-800,1500,1
PP3-PP4,-800,-350,1
PP3-PP4,-800,-350,1
PP3-PP4,-800,-350,1
PP3-PP4,-800,-350,1
PP3-PP4,-800,-350,2
PP3-PP4,-800,-350,1
PP3-PP4,-800,-350,6
PP3-PP4,-800,-350,1
PP3-PP4,-800,-350,1
PP3-PP4,-800,-350,3
PP3-PP4,-800,-350,3
PP3-PP4,-800,-350,1
PP3-PP4,-800,-350,4
PP3-R,-800,500,10
PP3-R,-800,500,18
PP3-R,-800,500,8
PP3-R,-800,500,1
PP3-R,-800,500,1
PP3-R,-800,500,1
PP3-R,-800,500,1
PP3-R,-800,500,1
PP3-R,-800,500,1
PP3-R,-800,500,1
PP3-R,-800,500,1
PP3-R,-800,500,1
PP3-R,-800,500,14
PP3-R,-800,500,1
PP3-R,-800,500,1
PP3-R,-800,500,1
PP3-R,-800,500,3
PP3-R,-800,500,1
PP3-R,-800,500,6
PP3-R,-800,500,1
PP3-R,-800,500,24
PP3-R,-800,500,1
PP3-R,-800,500,3
PP3-R,-800,500,1
PP3-R,-800,500,1
PP3-R,-800,500,3
PP3-R,-800,500,2
PP3-R,-800,500,2
PP3-R,-800,500,11
PP3-R,-800,500,1
PP3-R,-800,500,2
PP3-R,-800,500,1
PP3-R,-800,500,2
PP3-R,-800,500,3
PP3-R,-800,500,1
PP3-R,-800,500,6
PP3-R,-800,500,1
PP3-R,-800,500,2
PP3-R,-800,500,1
PP3-R,-800,500,2
PP3-R,-800,500,2
PP3-R,-800,500,1
PP3-R,-800,500,1
PP3-R,-800,500,1
PP3-R1,-800,80,4
PP3-R1,-800,80,7
PP3-R1,-800,80,15
PP3-R1,-800,80,8
PP3-R1,-800,80,1
PP3-R,-800,500,1
PP3-R,-800,500,1
PP3-R,-800,500,1
PP3-R,-800,500,1
PP4,-480,-350,1
PP4,-480,-350,1
PP4,-480,-350,1
PP4-H,-480,-50,3
PP4-H,-480,-50,2
PP4-H,-480,-50,1
PP4-H,-480,-50,1
PP4-H,-480,-50,1
PP4-H,-480,-50,1
PP4-H,-480,-50,1
PP4-H,-480,-50,1
PP4-H,-480,-50,3
PP4-H,-480,-50,1
PP4-H,-480,-50,1
PP4-H,-480,-50,7
PP4-H,-480,-50,5
PP4-M,-480,1500,2
PP4-R,-480,500,8
PP4-R,-480,500,3
PP4-R,-480,500,1
PP4-R,-480,500,1
PP4-R,-480,500,1
H,-350,-50,1
H,-350,-50,1
H,-350,-50,2
H,-350,-50,1
H,-350,-50,1
H,-350,-50,1
H,-350,-50,3
H,-350,-50,1
H,-350,-50,1
H,-350,-50,1
H,-350,-50,1
H,-350,-50,1
H,-350,-50,3
H,-350,-50,4
H,-350,-50,1
H,-350,-50,2
H,-350,-50,1
H,-350,-50,1
H,-350,-50,1
H,-350,-50,1
H,-350,-50,1
H,-350,-50,1
H,-350,-50,1
H,-350,-50,1
H,-350,-50,1
H,-350,-50,1
H,-350,-50,1
H,-350,-50,1
H,-350,-50,1
H,-350,-50,1
H,-350,-50,1
H,-350,-50,2
H,-350,-50,1
H,-350,-50,1
H,-350,-50,1
H,-350,-50,1
H,-350,-50,1
H,-350,-50,2
H,-350,-50,2
H,-350,-50,3
H,-350,-50,1
H,-350,-50,1
H,-350,-50,1
H,-350,-50,1
H,-350,-50,1
H,-350,-50,1
H,-350,-50,1
H,-350,-50,3
H,-350,-50,1
H,-350,-50,1
H,-350,-50,1
H,-350,-50,1
H,-350,-50,1
H,-350,-50,1
H,-350,-50,1
H,-350,-50,1
H,-350,-50,1
H,-350,-50,1
H,-350,-50,1
H,-350,-50,1
H,-350,-50,1
H,-350,-50,1
H,-350,-50,1
H,-350,-50,1
H,-350,-50,1
H,-350,-50,1
H,-350,-50,1
H,-350,-50,1
H,-350,-50,1
H,-350,-50,1
H,-350,-50,1
H,-350,-50,1
H,-350,-50,1
H,-350,-50,1
H,-350,-50,3
H,-350,-50,1
H,-350,-50,1
H,-350,-50,1
H,-350,-50,1
H,-350,-50,1
H,-350,-50,1
H,-350,-50,1
H,-350,-50,1
H,-350,-50,1
H,-350,-50,1
H,-350,-50,1
H,-350,-50,1
H,-350,-50,1
H,-350,-50,1
H,-350,-50,1
H,-350,-50,1
H,-350,-50,2
H,-350,-50,1
H,-350,-50,1
H,-350,-50,1
H,-350,-50,1
H,-350,-50,1
H,-350,-50,1
H,-350,-50,1
H,-350,-50,1
H,-350,-50,1
H,-350,-50,1
H,-350,-50,1
H,-350,-50,1
H,-350,-50,2
H,-350,-50,1
H,-350,-50,1
H,-350,-50,1
H,-350,-50,1
H,-350,-50,1
H,-350,-50,3
H,-350,-50,1
H,-350,-50,1
H,-350,-50,1
H,-350,-50,4
H,-350,-50,3
H,-350,-50,2
H,-350,-50,5
H,-350,-50,2
H,-350,-50,1
H,-350,-50,2
H,-350,-50,2
H,-350,-50,4
H,-350,-50,6
H,-350,-50,2
H,-350,-50,2
H,-350,-50,6
H,-350,-50,2
H,-350,-50,4
H,-350,-50,7
H,-350,-50,1
H,-350,-50,1
H,-350,-50,1
H,-350,-50,1
H,-350,-50,1
H,-350,-50,1
H,-350,-50,2
H,-350,-50,8
H,-350,-50,1
H,-350,-50,3
H,-350,-50,1
H,-350,-50,4
H,-350,-50,1
H,-350,-50,5
H,-350,-50,1
H,-350,-50,1
H,-350,-50,1
H,-350,-50,1
H,-350,-50,1
H,-350,-50,1
H,-350,-50,1
H,-350,-50,4
H,-350,-50,2
H,-350,-50,1
H,-350,-50,1
H,-350,-50,1
H,-350,-50,1
H,-350,-50,1
H,-350,-50,1
H,-350,-50,1
H,-350,-50,4
H,-350,-50,2
H,-350,-50,2
H,-350,-50,1
H,-350,-50,1
H,-350,-50,1
H,-350,-50,3
H,-350,-50,2
H,-350,-50,3
H,-350,-50,2
H,-350,-50,1
H,-350,-50,1
H,-350,-50,1
H,-350,-50,1
H,-350,-50,1
H,-350,-50,3
H,-350,-50,2
H,-350,-50,9
H,-350,-50,1
H,-350,-50,1
H,-350,-50,4
H,-350,-50,16
H,-350,-50,1
H,-350,-50,5
H,-350,-50,2
H,-350,-50,3
H,-350,-50,14
H,-350,-50,1
H,-350,-50,1
H,-350,-50,3
H,-350,-50,2
H,-350,-50,3
H,-350,-50,1
H,-350,-50,2
H,-350,-50,1
H,-350,-50,1
H,-350,-50,6
H,-350,-50,4
H,-350,-50,3
H,-350,-50,1
H,-350,-50,1
H,-350,-50,3
H,-350,-50,4
H,-350,-50,1
H,-350,-50,1
H,-350,-50,2
H,-350,-50,1
H,-350,-50,1
H,-350,-50,2
H,-350,-50,1
H,-350,-50,1
H,-350,-50,1
H,-350,-50,1
H,-350,-50,3
H,-350,-50,1
H,-350,-50,1
H,-350,-50,5
H,-350,-50,3
H,-350,-50,1
H,-350,-50,1
H,-350,-50,1
H,-350,-50,1
H,-350,-50,3
H,-350,-50,2
H,-350,-50,1
H,-350,-50,1
H,-350,-50,1
H,-350,-50,1
H,-350,-50,4
H,-350,-50,2
H,-350,-50,1
H,-350,-50,1
H,-350,-50,1
H,-350,-50,1
H,-350,-50,1
H,-350,-50,2
H,-350,-50,1
H,-350,-50,3
H,-350,-50,2
H,-350,-50,1
H,-350,-50,1
H,-350,-50,4
H,-350,-50,1
H,-350,-50,4
H,-350,-50,1
H,-350,-50,1
H,-350,-50,1
H,-350,-50,1
H,-350,-50,1
H,-350,-50,1
H,-350,-50,1
H,-350,-50,1
H,-350,-50,1
H,-350,-50,1
H,-350,-50,1
H,-350,-50,1
H,-350,-50,1
H,-350,-50,1
H,-350,-50,1
H,-350,-50,1
H,-350,-50,2
H,-350,-50,1
H,-350,-50,1
H,-350,-50,1
H,-350,-50,1
H,-350,-50,1
H,-350,-50,1
H,-350,-50,4
H,-350,-50,1
H,-350,-50,1
H,-350,-50,1
H,-350,-50,1
H,-350,-50,1
H,-350,-50,3
H,-350,-50,3
H,-350,-50,2
H,-350,-50,3
H,-350,-50,4
H,-350,-50,1
H,-350,-50,1
H,-350,-50,2
H,-350,-50,1
H,-350,-50,3
H,-350,-50,4
H,-350,-50,3
H,-350,-50,1
H,-350,-50,3
H,-350,-50,2
H,-350,-50,1
H,-350,-50,1
H,-350,-50,1
H,-350,-50,6
H,-350,-50,1
H,-350,-50,1
H,-350,-50,3
H,-350,-50,3
H,-350,-50,1
H,-350,-50,1
H,-350,-50,1
H,-350,-50,2
H,-350,-50,6
H,-350,-50,4
H,-350,-50,2
H,-350,-50,1
H,-350,-50,1
H,-350,-50,2
H,-350,-50,2
H,-350,-50,1
H,-350,-50,1
H,-350,-50,1
H,-350,-50,1
H,-350,-50,1
H,-350,-50,1
H,-350,-50,1
H,-350,-50,1
H,-350,-50,1
H,-350,-50,1
H,-350,-50,1
H,-350,-50,1
H,-350,-50,1
H,-350,-50,2
H,-350,-50,2
H,-350,-50,5
H,-350,-50,1
H,-350,-50,2
H,-350,-50,1
H,-350,-50,1
H,-350,-50,1
H,-350,-50,1
H,-350,-50,2
H,-350,-50,3
H,-350,-50,3
H,-350,-50,2
H,-350,-50,2
H,-350,-50,4
H,-350,-50,3
H,-350,-50,2
H,-350,-50,3
H,-350,-50,2
H,-350,-50,1
H,-350,-50,1
H,-350,-50,1
H,-350,-50,1
H,-350,-50,3
H,-350,-50,1
H,-350,-50,1
H,-350,-50,1
H,-350,-50,3
H,-350,-50,1
H,-350,-50,1
H,-350,-50,1
H,-350,-50,1
H,-350,-50,1
H,-350,-50,6
H,-350,-50,1
H,-350,-50,1
H,-350,-50,1
H,-350,-50,2
H,-350,-50,2
H,-350,-50,1
H,-350,-50,1
H,-350,-50,1
H,-350,-50,1
H,-350,-50,1
H,-350,-50,1
H,-350,-50,4
H,-350,-50,1
H,-350,-50,1
H,-350,-50,3
H,-350,-50,1
H,-350,-50,2
H,-350,-50,1
H,-350,-50,1
H,-350,-50,1
H,-350,-50,2
H,-350,-50,1
H,-350,-50,1
H,-350,-50,2
H,-350,-50,1
H,-350,-50,1
H,-350,-50,1
H,-350,-50,1
H,-350,-50,3
H,-350,-50,4
H,-350,-50,1
H,-350,-50,1
H,-350,-50,1
H,-350,-50,1
H,-350,-50,4
H,-350,-50,3
H,-350,-50,3
H,-350,-50,1
H,-350,-50,2
H,-350,-50,1
H,-350,-50,3
H,-350,-50,1
H,-350,-50,4
H,-350,-50,1
H,-350,-50,1
H,-350,-50,1
H,-350,-50,1
H,-350,-50,1
H,-350,-50,2
H,-350,-50,1
H,-350,-50,2
H,-350,-50,1
H,-350,-50,1
H,-350,-50,1
H,-350,-50,1
H,-350,-50,2
H,-350,-50,8
H,-350,-50,5
H,-350,-50,4
H,-350,-50,1
H,-350,-50,1
H,-350,-50,15
H,-350,-50,3
H,-350,-50,9
H,-350,-50,2
H,-350,-50,3
H,-350,-50,4
H,-350,-50,2
H,-350,-50,2
H,-350,-50,3
H,-350,-50,3
H,-350,-50,3
H,-350,-50,3
H,-350,-50,3
H,-350,-50,8
H,-350,-50,4
H,-350,-50,11
H,-350,-50,2
H,-350,-50,1
H,-350,-50,1
H,-350,-50,1
H,-350,-50,1
H,-350,-50,1
H,-350,-50,1
H,-350,-50,3
H,-350,-50,1
H,-350,-50,4
H,-350,-50,2
H,-350,-50,1
H,-350,-50,1
H,-350,-50,1
H,-350,-50,1
H,-350,-50,1
H,-350,-50,2
H,-350,-50,1
H,-350,-50,2
H,-350,-50,1
H,-350,-50,1
H,-350,-50,3
H,-350,-50,1
H,-350,-50,1
H,-350,-50,1
H,-350,-50,1
H,-350,-50,1
H,-350,-50,1
H,-350,-50,2
H,-350,-50,1
H,-350,-50,2
H,-350,-50,2
H,-350,-50,1
H,-350,-50,1
H,-350,-50,2
H,-350,-50,1
H,-350,-50,1
H,-350,-50,1
H,-350,-50,1
H,-350,-50,1
H,-350,-50,1
H,-350,-50,1
H,-350,-50,1
H,-350,-50,1
H,-350,-50,1
H,-350,-50,2
H,-350,-50,1
H,-350,-50,2
H,-350,-50,25
H,-350,-50,1
H,-350,-50,1
H,-350,-50,21
H,-350,-50,1
H,-350,-50,1
H,-350,-50,1
H,-350,-50,2
H,-350,-50,1
H,-350,-50,2
H,-350,-50,1
H,-350,-50,1
H,-350,-50,3
H,-350,-50,1
H,-350,-50,3
H,-350,-50,1
H,-350,-50,1
H,-350,-50,2
H,-350,-50,1
H,-350,-50,1
H,-350,-50,5
H,-350,-50,3
H,-350,-50,1
H,-350,-50,1
H,-350,-50,1
H,-350,-50,1
H,-350,-50,1
H,-350,-50,1
H,-350,-50,1
H,-350,-50,1
H,-350,-50,1
H,-350,-50,3
H,-350,-50,1
H,-350,-50,1
H,-350,-50,7
H,-350,-50,1
H,-350,-50,1
H,-350,-50,1
H,-350,-50,1
H,-350,-50,1
H,-350,-50,5
H,-350,-50,1
H,-350,-50,1
H,-350,-50,1
H,-350,-50,3
H,-350,-50,2
H,-350,-50,8
H,-350,-50,1
H,-350,-50,1
H,-350,-50,15
H,-350,-50,1
H,-350,-50,5
H,-350,-50,1
H,-350,-50,1
H,-350,-50,1
H,-350,-50,1
H,-350,-50,2
H,-350,-50,1
H,-350,-50,1
H,-350,-50,5
H,-350,-50,1
H,-350,-50,2
H,-350,-50,1
H,-350,-50,1
H,-350,-50,4
H,-350,-50,6
H,-350,-50,2
H,-350,-50,1
H,-350,-50,2
H,-350,-50,1
H,-350,-50,1
H,-350,-50,1
H,-350,-50,2
H,-350,-50,4
H,-350,-50,1
H,-350,-50,8
H,-350,-50,1
H,-350,-50,4
H,-350,-50,1
H,-350,-50,1
H,-350,-50,1
H,-350,-50,1
H,-350,-50,2
H,-350,-50,2
H,-350,-50,1
H-M,-350,1500,1
H-M,-350,1500,2
H-M,-350,1500,1
H-M,-350,1500,10
H-M,-350,1500,4
H-M,-350,1500,1
H-M,-350,1500,2
H-M,-350,1500,2
H-M,-350,1500,2
H-M,-350,1500,19
H-M,-350,1500,1
H-M,-350,1500,4
H-M,-350,1500,8
H-M,-350,1500,3
H-M,-350,1500,3
H-M,-350,1500,10
H-M,-350,1500,1
H-M,-350,1500,1
H-M,-350,1500,2
H-M,-350,1500,3
H-M,-350,1500,2
H-M,-350,1500,2
H-M,-350,1500,5
H-M,-350,1500,8
H-M,-350,1500,2
H-M,-350,1500,4
H-M,-350,1500,3
H-M,-350,1500,11
H-M,-350,1500,1
H-M,-350,1500,12
H-M,-350,1500,2
H-M,-350,1500,28
H-M,-350,1500,1
H-M,-350,1500,1
H-M,-350,1500,2
H-M,-350,1500,1
H-M,-350,1500,1
H-M,-350,1500,1
H-M,-350,1500,2
H-M,-350,1500,2
H-M,-350,1500,1
H-M,-350,1500,1
H-M,-350,1500,1
H-M,-350,1500,15
H-M,-350,1500,1
H-M,-350,1500,3
H-M,-350,1500,1
H-M,-350,1500,2
H-M,-350,1500,2
H-M,-350,1500,5
H-M,-350,1500,1
H-M,-350,1500,13
H-M,-350,1500,6
H-M,-350,1500,5
H-M,-350,1500,1
H-M,-350,1500,1
H-M,-350,1500,4
H-M,-350,1500,1
H-M,-350,1500,5
H-M,-350,1500,3
H-M,-350,1500,1
H-M,-350,1500,3
H-M,-350,1500,1
H-M,-350,1500,5
H-M,-350,1500,1
H-M,-350,1500,3
H-M,-350,1500,1
H-M,-350,1500,1
H-M,-350,1500,1
H-M,-350,1500,3
H-M,-350,1500,2
H-M,-350,1500,3
H-M,-350,1500,11
H-M,-350,1500,4
H-M,-350,1500,6
H-M,-350,1500,3
H-M,-350,1500,3
H-M,-350,1500,7
H-M,-350,1500,8
H-M,-350,1500,1
H-R,-350,500,2
H-R,-350,500,1
H-R,-350,500,2
H-R,-350,500,1
H-R,-350,500,1
H-R,-350,500,1
H-R,-350,500,1
H-R,-350,500,1
H-R,-350,500,1
H-R,-350,500,1
H-R,-350,500,1
H-R,-350,500,1
H-R,-350,500,1
H-R,-350,500,1
H-R,-350,500,1
H-R,-350,500,1
H-R,-350,500,1
H-R,-350,500,2
H-R,-350,500,1
H-R,-350,500,1
H-R,-350,500,1
H-R,-350,500,1
H-R,-350,500,1
H-R,-350,500,2
H-R,-350,500,2
H-R,-350,500,1
H-R,-350,500,1
H-R,-350,500,1
H-R,-350,500,4
H-R,-350,500,1
H-R,-350,500,4
H-R,-350,500,5
H-R,-350,500,2
H-R,-350,500,1
H-R,-350,500,1
H-R,-350,500,1
H-R,-350,500,3
H-R,-350,500,1
H-R,-350,500,1
H-R,-350,500,3
H-R,-350,500,2
H-R,-350,500,2
H-R,-350,500,2
H-R,-350,500,1
H-R,-350,500,1
H-R,-350,500,2
H-R,-350,500,1
H-R,-350,500,2
H-R,-350,500,3
H-R,-350,500,1
H-R,-350,500,1
H-R,-350,500,4
H-R,-350,500,3
H-R,-350,500,6
H-R,-350,500,3
H-R,-350,500,1
H-R,-350,500,2
H-R,-350,500,1
H-R,-350,500,1
H-R,-350,500,1
H-R,-350,500,1
H-R,-350,500,1
H-R,-350,500,1
H-R,-350,500,7
H-R,-350,500,1
H-R,-350,500,2
H-R,-350,500,3
H-R,-350,500,10
H-R,-350,500,2
H-R,-350,500,1
H-R,-350,500,3
H-R,-350,500,1
H-R,-350,500,1
H-R,-350,500,4
H-R,-350,500,1
H-R,-350,500,1
H-R,-350,500,2
H-R,-350,500,1
H-R,-350,500,1
H-R,-350,500,1
H-R,-350,500,1
H-R,-350,500,7
H-R,-350,500,4
H-R,-350,500,4
H-R,-350,500,2
H-R,-350,500,1
H-R,-350,500,1
H-R,-350,500,2
H-R,-350,500,3
H-R,-350,500,1
H-R,-350,500,1
H-R,-350,500,2
H-R,-350,500,1
H-R,-350,500,1
H-R,-350,500,1
H-R,-350,500,1
H-R,-350,500,4
H-R,-350,500,1
H-R,-350,500,1
H-R,-350,500,12
H-R,-350,500,3
H-R,-350,500,8
H-R,-350,500,3
H-R,-350,500,2
H-R,-350,500,8
H-R,-350,500,17
H-R,-350,500,5
H-R,-350,500,2
H-R,-350,500,3
H-R,-350,500,5
H-R,-350,500,3
H-R,-350,500,30
H-R,-350,500,13
H-R,-350,500,6
H-R,-350,500,4
H-R,-350,500,13
H-R,-350,500,4
H-R,-350,500,6
H-R,-350,500,1
H-R,-350,500,5
H-R,-350,500,5
H-R,-350,500,9
H-R,-350,500,2
H-R,-350,500,3
H-R,-350,500,1
H-R,-350,500,1
H-R,-350,500,2
H-R,-350,500,8
H-R,-350,500,2
H-R,-350,500,2
H-R,-350,500,1
H-R,-350,500,1
H-R,-350,500,1
H-R,-350,500,1
H-R,-350,500,1
H-R,-350,500,9
H-R,-350,500,1
H-R,-350,500,1
H-R,-350,500,3
H-R,-350,500,1
H-R,-350,500,2
H-R,-350,500,3
H-R,-350,500,1
H-R,-350,500,2
H-R,-350,500,1
H-R,-350,500,1
H-R,-350,500,8
H-R,-350,500,2
H-R,-350,500,1
H-R,-350,500,2
H-R,-350,500,1
H-R,-350,500,2
H-R,-350,500,2
H-R,-350,500,1
H-R,-350,500,5
H-R,-350,500,8
H-R,-350,500,3
H-R,-350,500,3
H-R,-350,500,10
H-R,-350,500,4
H-R,-350,500,3
H-R,-350,500,2
H-R,-350,500,1
H-R,-350,500,3
H-R,-350,500,10
H-R,-350,500,2
H-R,-350,500,2
H-R,-350,500,2
H-R,-350,500,1
H-R,-350,500,1
H-R,-350,500,1
H-R,-350,500,1
H-R,-350,500,2
H-R,-350,500,2
H-R,-350,500,1
H-R,-350,500,3
H-R,-350,500,4
H-R,-350,500,4
H-R,-350,500,3
H-R,-350,500,5
H-R,-350,500,37
H-R,-350,500,4
H-R,-350,500,1
H-R,-350,500,1
H-R,-350,500,1
H-R,-350,500,1
H-R,-350,500,3
H-R,-350,500,6
H-R,-350,500,3
H-R,-350,500,1
H-R,-350,500,3
H-R,-350,500,5
H-R,-350,500,1
H-R,-350,500,1
H-R,-350,500,6
H-R,-350,500,1
H-R,-350,500,2
H-R,-350,500,1
H-R,-350,500,1
H-R,-350,500,2
H-R,-350,500,1
H-R,-350,500,2
H-R,-350,500,2
H-R,-350,500,8
H-R,-350,500,2
H-R,-350,500,4
H-R,-350,500,1
H-R,-350,500,2
H-R,-350,500,4
H-R,-350,500,1
H-R,-350,500,4
H-R,-350,500,1
H-R,-350,500,6
H-R,-350,500,3
H-R,-350,500,16
H-R,-350,500,1
H-R,-350,500,1
H-R,-350,500,8
H-R,-350,500,1
H-R,-350,500,3
H-R,-350,500,8
H-R,-350,500,3
H-R,-350,500,2
H-R,-350,500,3
H-R,-350,500,1
H-R,-350,500,3
H-R,-350,500,5
H-R,-350,500,2
H-R,-350,500,4
H-R,-350,500,2
H-R,-350,500,1
H-R,-350,500,1
H-R,-350,500,1
H-R,-350,500,4
H-R,-350,500,3
H-R,-350,500,11
H-R,-350,500,3
H-R,-350,500,1
H-R,-350,500,1
H-R,-350,500,1
H-R,-350,500,1
H-R,-350,500,6
H-R,-350,500,1
H-R,-350,500,1
H-R,-350,500,1
H-R,-350,500,1
H-R,-350,500,12
H-R,-350,500,1
H-R,-350,500,2
H-R,-350,500,1
H-R,-350,500,1
H-R,-350,500,2
H-R,-350,500,1
H-R,-350,500,1
H-R,-350,500,1
H-R,-350,500,1
H-R,-350,500,1
H-R,-350,500,1
H-R,-350,500,2
H-R,-350,500,2
H-R,-350,500,14
H-R,-350,500,2
H-R,-350,500,5
H-R,-350,500,14
H-R,-350,500,4
H-R,-350,500,1
H-R,-350,500,1
H-R,-350,500,1
H-R,-350,500,1
H-R,-350,500,1
H-R,-350,500,1
H-R,-350,500,1
H-R,-350,500,4
H-R,-350,500,3
H-R,-350,500,7
H-R,-350,500,1
H-R,-350,500,1
H-R,-350,500,1
H-R,-350,500,1
H-R,-350,500,1
H-R,-350,500,1
H-R,-350,500,1
H-R,-350,500,3
H-R,-350,500,1
H-R,-350,500,2
H-R,-350,500,2
H-R,-350,500,2
H-R,-350,500,2
H-R,-350,500,2
H-R,-350,500,5
H-R,-350,500,1
H-R,-350,500,6
H-R,-350,500,2
H-R,-350,500,4
H-R,-350,500,3
H-R,-350,500,2
H-R,-350,500,2
H-R,-350,500,4
H-R,-350,500,1
H-R,-350,500,3
H-R,-350,500,1
H-R,-350,500,8
H-R,-350,500,2
H-R,-350,500,4
H-R,-350,500,1
H-R,-350,500,4
H-R,-350,500,2
H-R,-350,500,2
H-R,-350,500,8
H-R,-350,500,3
H-R,-350,500,9
H-R,-350,500,3
H-R,-350,500,1
H-R,-350,500,2
H-R,-350,500,1
H-R,-350,500,2
H-R,-350,500,1
H-R,-350,500,7
H-R,-350,500,4
H-R,-350,500,3
H-R,-350,500,5
H-R,-350,500,1
H-R,-350,500,9
H-R,-350,500,4
H-R,-350,500,2
H-R,-350,500,2
H-R,-350,500,12
H-R,-350,500,1
H-R,-350,500,1
H-R,-350,500,14
H-R,-350,500,29
H-R,-350,500,1
H-R,-350,500,1
H-R,-350,500,5
H-R,-350,500,5
H-R,-350,500,8
H-R,-350,500,25
H-R,-350,500,27
H-R,-350,500,5
H-R,-350,500,1
H-R,-350,500,2
H-R,-350,500,1
H-R,-350,500,1
H-R,-350,500,8
H-R,-350,500,1
H-R,-350,500,2
H-R,-350,500,1
H-R,-350,500,1
H-R,-350,500,2
H-R,-350,500,1
H-R,-350,500,10
H-R,-350,500,5
H-R,-350,500,5
H-R,-350,500,3
H-R,-350,500,2
H-R,-350,500,3
H-R,-350,500,14
H-R,-350,500,3
H-R,-350,500,18
H-R,-350,500,5
H-R,-350,500,4
H-R,-350,500,3
H-R,-350,500,5
H-R,-350,500,8
H-R,-350,500,11
H-R,-350,500,1
H-R,-350,500,1
H-R,-350,500,2
H-R,-350,500,1
H-R,-350,500,1
H-R,-350,500,3
H-R,-350,500,1
H-R,-350,500,6
H-R,-350,500,2
H-R,-350,500,1
H-R,-350,500,2
H-R,-350,500,6
H-R,-350,500,5
H-R,-350,500,3
H-R,-350,500,1
H-R,-350,500,1
H-R,-350,500,1
H-R,-350,500,1
H-R,-350,500,1
H-R,-350,500,1
H-R,-350,500,9
H-R,-350,500,1
H-R,-350,500,10
H-R,-350,500,1
H-R,-350,500,2
H-R,-350,500,2
H-R,-350,500,4
H-R,-350,500,2
H-R,-350,500,3
H-R,-350,500,1
H-R,-350,500,3
H-R,-350,500,3
H-R,-350,500,6
H-R,-350,500,4
H-R,-350,500,1
H-R,-350,500,2
H-R,-350,500,1
H-R,-350,500,3
H-R,-350,500,1
H-R,-350,500,1
H-R,-350,500,1
H-R,-350,500,1
H-R,-350,500,22
H-R,-350,500,4
H-R,-350,500,1
H-R,-350,500,1
H-R,-350,500,2
H-R,-350,500,1
H-R,-350,500,5
H-R,-350,500,1
H-R,-350,500,1
H-R,-350,500,2
H-R,-350,500,2
H-R,-350,500,1
H-R,-350,500,1
H-R,-350,500,2
H-R,-350,500,2
H-R,-350,500,1
H-R,-350,500,1
H-R,-350,500,4
H-R,-350,500,1
H-R,-350,500,1
H-R,-350,500,1
H-R,-350,500,1
H-R,-350,500,2
H-R,-350,500,1
H-R,-350,500,11
H-R,-350,500,1
H-R,-350,500,1
H-R,-350,500,5
H-R,-350,500,7
H-R,-350,500,2
H-R,-350,500,9
H-R,-350,500,2
H-R,-350,500,1
H-R,-350,500,1
H-R,-350,500,10
H-R,-350,500,3
H-R,-350,500,4
H-R,-350,500,1
H-R,-350,500,1
H-R,-350,500,24
H-R,-350,500,8
H-R,-350,500,1
H-R,-350,500,1
H-R,-350,500,10
H-R,-350,500,5
H-R,-350,500,3
H-R,-350,500,2
H-R,-350,500,1
H-R,-350,500,2
H-R,-350,500,1
H-R,-350,500,1
H-R,-350,500,2
H-R,-350,500,9
H-R,-350,500,3
H-R,-350,500,10
H-R,-350,500,10
H-R,-350,500,3
H-R,-350,500,1
H-R,-350,500,2
H-R,-350,500,1
H-R,-350,500,1
H-R,-350,500,1
H-R,-350,500,1
H-R,-350,500,1
H-R,-350,500,2
H-R,-350,500,4
H-R,-350,500,2
H-R,-350,500,1
H-R,-350,500,1
H-R,-350,500,8
H-R,-350,500,1
H-R,-350,500,1
H-R,-350,500,3
H-R,-350,500,1
H-R,-350,500,1
H-R,-350,500,3
H-R,-350,500,2
H-R,-350,500,1
H-R,-350,500,1
H-R,-350,500,1
H-R,-350,500,1
H-R,-350,500,1
H-R,-350,500,1
H-R,-350,500,1
H-R,-350,500,1
H-R,-350,500,1
H-R,-350,500,12
H-R,-350,500,3
H-R,-350,500,1
H-R,-350,500,1
H-R,-350,500,2
H-R,-350,500,3
H-R,-350,500,6
H-R,-350,500,1
H-R,-350,500,2
H-R,-350,500,1
H-R,-350,500,1
H-R,-350,500,3
H-R,-350,500,1
H-R,-350,500,1
H-R,-350,500,1
H-R,-350,500,1
H-R,-350,500,1
H-R,-350,500,2
H-R,-350,500,2
H-R,-350,500,1
H-R,-350,500,5
H-R,-350,500,7
H-R,-350,500,3
H-R,-350,500,11
H-R,-350,500,6
H-R,-350,500,2
H-R,-350,500,1
H-R,-350,500,6
H-R,-350,500,2
H-R,-350,500,2
H-R,-350,500,2
H-R,-350,500,1
H-R,-350,500,1
H-R,-350,500,1
H-R,-350,500,1
H-R,-350,500,1
H-R,-350,500,1
H-R,-350,500,9
H-R,-350,500,6
H-R,-350,500,1
H-R,-350,500,3
H-R,-350,500,1
H-R,-350,500,5
H-R,-350,500,4
H-R,-350,500,1
H-R,-350,500,2
H-R,-350,500,1
H-R,-350,500,1
H-R,-350,500,1
H-R,-350,500,1
H-R,-350,500,1
H-R,-350,500,1
H-R,-350,500,1
H-R,-350,500,1
H-R,-350,500,5
H-R,-350,500,4
H-R,-350,500,2
H-R,-350,500,1
H-R,-350,500,1
H-R,-350,500,2
H-R,-350,500,2
H-R,-350,500,3
H-R,-350,500,1
H-R,-350,500,1
H-R,-350,500,1
H-R,-350,500,1
H-R,-350,500,1
H-R,-350,500,1
H-R,-350,500,1
H-R,-350,500,1
H-R,-350,500,7
H-R,-350,500,13
H-R,-350,500,2
H-R,-350,500,7
H-R,-350,500,1
H-R,-350,500,4
H-R,-350,500,3
H-R,-350,500,2
H-R,-350,500,1
H-R,-350,500,1
H-R,-350,500,1
H-R,-350,500,1
H-R,-350,500,6
H-R,-350,500,1
H-R,-350,500,1
H-R,-350,500,1
H-R,-350,500,1
H-R,-350,500,3
H-R,-350,500,1
H-R,-350,500,1
H-R,-350,500,4
H-R,-350,500,1
H-R,-350,500,1
H-R,-350,500,1
H-R,-350,500,2
H-R,-350,500,1
H-R,-350,500,1
H-R,-350,500,3
H-R,-350,500,1
H-R,-350,500,2
H-R,-350,500,6
H-R,-350,500,6
H-R,-350,500,6
H-R,-350,500,1
H-R,-350,500,1
H-R,-350,500,1
H-R,-350,500,1
H-R,-350,500,1
H-R,-350,500,1
H-R,-350,500,1
H-R,-350,500,1
H-R,-350,500,2
H-R,-350,500,1
H-R,-350,500,1
H-R,-350,500,13
H-R,-350,500,2
H-R,-350,500,3
H-R,-350,500,4
H-R,-350,500,5
H-R,-350,500,4
H-R,-350,500,3
H-R,-350,500,3
H-R,-350,500,3
H-R,-350,500,1
H-R,-350,500,1
H-R,-350,500,2
H-R,-350,500,3
H-R,-350,500,4
H-R,-350,500,1
H-R,-350,500,1
H-R,-350,500,1
H-R,-350,500,1
H-R,-350,500,1
H-R,-350,500,1
H-R,-350,500,1
H-R,-350,500,1
H-R,-350,500,1
H-R,-350,500,1
H-R,-350,500,1
H-R,-350,500,1
H-R,-350,500,1
H-R,-350,500,1
H-R,-350,500,1
H-R,-350,500,1
H-R,-350,500,1
H-R,-350,500,1
H-R,-350,500,1
H-R,-350,500,1
H-R,-350,500,1
H-R,-350,500,1
H-R,-350,500,5
H-R,-350,500,6
H-R,-350,500,9
H-R,-350,500,1
H-R,-350,500,1
H-R,-350,500,1
H-R,-350,500,1
H-R,-350,500,1
H-R,-350,500,1
H-R,-350,500,4
H-R,-350,500,9
H-R,-350,500,1
H-R,-350,500,1
H-R,-350,500,1
H-R,-350,500,4
H-R,-350,500,4
H-R,-350,500,1
H-R,-350,500,1
H-R,-350,500,1
H-R,-350,500,1
H-R,-350,500,2
H-R,-350,500,1
H-R,-350,500,1
H-R,-350,500,3
H-R,-350,500,1
H-R,-350,500,1
H-R,-350,500,1
H-R,-350,500,1
H-R,-350,500,1
H-R,-350,500,1
H-R,-350,500,2
H-R,-350,500,2
H-R,-350,500,1
H-R,-350,500,2
H-R,-350,500,2
H-R,-350,500,5
H-R,-350,500,2
H-R,-350,500,3
H-R,-350,500,3
H-R,-350,500,3
H-R,-350,500,3
H-R,-350,500,1
H-R,-350,500,1
H-R,-350,500,1
H-R,-350,500,3
H-R,-350,500,4
H-R,-350,500,1
H-R,-350,500,2
H-R,-350,500,4
H-R,-350,500,1
H-R,-350,500,1
H-R,-350,500,2
H-R,-350,500,2
H-R,-350,500,4
H-R,-350,500,4
H-R,-350,500,2
H-R,-350,500,1
H-R,-350,500,3
H-R,-350,500,2
H-R,-350,500,2
H-R,-350,500,1
H-R,-350,500,5
H-R,-350,500,1
H-R,-350,500,1
H-R,-350,500,1
H-R,-350,500,2
H-R,-350,500,1
H-R,-350,500,1
H-R,-350,500,1
H-R,-350,500,1
H-R,-350,500,5
H-R,-350,500,1
H-R,-350,500,6
H-R,-350,500,8
H-R,-350,500,1
H-R,-350,500,1
H-R,-350,500,4
H-R,-350,500,1
H-R,-350,500,1
H-R,-350,500,4
H-R,-350,500,1
H-R,-350,500,1
H-R,-350,500,1
H-R,-350,500,2
H-R,-350,500,3
H-R,-350,500,1
H-R,-350,500,3
H-R,-350,500,4
H-R,-350,500,2
H-R,-350,500,1
H-R,-350,500,5
H-R,-350,500,1
H-R,-350,500,1
H-R,-350,500,1
H-R,-350,500,1
H-R,-350,500,3
H-R,-350,500,1
H-R,-350,500,2
H-R,-350,500,1
H-R,-350,500,1
H-R,-350,500,1
H-R,-350,500,2
H-R,-350,500,1
H-R,-350,500,1
H-R,-350,500,1
H-R,-350,500,2
H-R,-350,500,1
H-R,-350,500,6
H-R,-350,500,1
H-R,-350,500,6
H-R,-350,500,5
H-R,-350,500,1
H-R,-350,500,1
H-R,-350,500,1
H-R,-350,500,1
H-R,-350,500,3
H-R,-350,500,2
H-R,-350,500,1
H-R,-350,500,3
H-R,-350,500,1
H-R,-350,500,1
H-R,-350,500,1
H-R,-350,500,1
H-R,-350,500,1
H-R,-350,500,1
H-R,-350,500,1
H-R,-350,500,1
H-R,-350,500,1
H-R,-350,500,1
H-R,-350,500,1
H-R,-350,500,4
H-R,-350,500,1
H-R,-350,500,1
H-R,-350,500,1
H-R,-350,500,2
H-R,-350,500,1
H-R,-350,500,1
H-R,-350,500,1
H-R,-350,500,2
H-R,-350,500,1
H-R,-350,500,1
H-R,-350,500,1
H-R,-350,500,1
H-R,-350,500,1
H-R,-350,500,1
H-R,-350,500,1
H-R,-350,500,1
H-R,-350,500,1
H-R,-350,500,1
H-R,-350,500,3
H-R,-350,500,2
H-R,-350,500,1
H-R,-350,500,3
H-R,-350,500,1
H-R,-350,500,1
H-R,-350,500,1
H-R,-350,500,1
H-R,-350,500,1
H-R,-350,500,1
H-R,-350,500,1
H-R,-350,500,1
H-R,-350,500,1
H-R,-350,500,1
H-R,-350,500,1
H-R,-350,500,1
H-R,-350,500,1
H-R,-350,500,1
H-R,-350,500,2
H-R,-350,500,1
H-R,-350,500,1
H-R,-350,500,1
H-R,-350,500,1
H-R,-350,500,4
H-R,-350,500,1
H-R,-350,500,3
H-R,-350,500,1
H-R,-350,500,3
H-R,-350,500,1
H-R,-350,500,2
H-R,-350,500,1
H-R,-350,500,1
H-R,-350,500,1
H-R,-350,500,4
H-R,-350,500,3
H-R,-350,500,1
H-R,-350,500,1
H-R,-350,500,1
H-R,-350,500,1
H-R,-350,500,1
H-R,-350,500,1
H-R,-350,500,1
H-R,-350,500,1
H-R,-350,500,1
H-R,-350,500,1
H-R,-350,500,4
H-R,-350,500,2
H-R,-350,500,1
H-R,-350,500,2
H-R,-350,500,2
H-R,-350,500,3
H-R,-350,500,2
H-R,-350,500,1
H-R,-350,500,1
H-R,-350,500,1
H-R,-350,500,1
H-R,-350,500,1
H-R,-350,500,1
H-R,-350,500,1
H-R,-350,500,2
H-R,-350,500,1
H-R,-350,500,1
H-R,-350,500,1
H-R,-350,500,2
H-R,-350,500,2
H-R,-350,500,1
H-R,-350,500,1
H-R,-350,500,1
H-R,-350,500,2
H-R,-350,500,4
H-R,-350,500,2
H-R,-350,500,1
H-R,-350,500,4
H-R,-350,500,1
H-R,-350,500,1
H-R,-350,500,1
H-R,-350,500,2
H-R,-350,500,1
H-R,-350,500,1
H-R,-350,500,1
H-R,-350,500,3
H-R,-350,500,1
H-R,-350,500,2
H-R,-350,500,1
H-R,-350,500,3
H-R,-350,500,2
H-R,-350,500,1
H-R,-350,500,1
H-R,-350,500,1
H-R,-350,500,4
H-R,-350,500,1
H-R,-350,500,2
H-R,-350,500,1
H-R,-350,500,1
H-R,-350,500,2
H-R,-350,500,4
H-R,-350,500,2
H-R,-350,500,1
H-R,-350,500,2
H-R,-350,500,1
H-R,-350,500,1
H-R,-350,500,2
H-R,-350,500,2
H-R,-350,500,2
H-R,-350,500,1
H-R,-350,500,1
H-R,-350,500,1
H-R,-350,500,1
H-R,-350,500,2
H-R,-350,500,2
H-R,-350,500,1
H-R,-350,500,1
H-R,-350,500,1
H-R,-350,500,4
H-R,-350,500,1
H-R,-350,500,1
H-R,-350,500,1
H-R,-350,500,1
H-R,-350,500,1
H-R,-350,500,1
H-R,-350,500,1
H-R,-350,500,2
H-R,-350,500,1
H-R,-350,500,1
H-R,-350,500,3
H-R,-350,500,2
H-R,-350,500,1
H-R,-350,500,2
H-R,-350,500,1
H-R,-350,500,1
H-R,-350,500,1
H-R,-350,500,2
H-R,-350,500,1
H-R,-350,500,1
H-R,-350,500,1
H-R,-350,500,1
H-R,-350,500,2
H-R,-350,500,1
H-R,-350,500,2
H-R,-350,500,1
H-R,-350,500,1
H-R,-350,500,2
H-R,-350,500,3
H-R,-350,500,1
H-R,-350,500,1
H-R,-350,500,1
H-R,-350,500,1
H-R,-350,500,3
H-R,-350,500,4
H-R,-350,500,1
H-R,-350,500,1
H-R,-350,500,1
H-R,-350,500,2
H-R,-350,500,1
H-R,-350,500,1
H-R,-350,500,1
H-R,-350,500,1
H-R,-350,500,1
H-R,-350,500,2
H-R,-350,500,12
H-R,-350,500,1
H-R,-350,500,7
H-R,-350,500,4
H-R,-350,500,8
H-R,-350,500,2
H-R,-350,500,8
H-R,-350,500,5
H-R,-350,500,7
H-R,-350,500,7
H-R,-350,500,2
H-R,-350,500,5
H-R,-350,500,2
H-R,-350,500,6
H-R,-350,500,1
H-R,-350,500,1
H-R,-350,500,1
H-R,-350,500,2
H-R,-350,500,3
H-R,-350,500,2
H-R,-350,500,6
H-R,-350,500,1
H-R,-350,500,4
H-R,-350,500,1
H-R,-350,500,4
H-R,-350,500,2
H-R,-350,500,1
H-R,-350,500,4
H-R,-350,500,2
H-R,-350,500,3
H-R,-350,500,2
H-R,-350,500,1
H-R,-350,500,1
H-R,-350,500,3
H-R,-350,500,1
H-R,-350,500,2
H-R,-350,500,1
H-R,-350,500,3
H-R,-350,500,3
H-R,-350,500,1
H-R,-350,500,2
H-R,-350,500,1
H-R,-350,500,23
H-R,-350,500,14
H-R,-350,500,3
H-R,-350,500,9
H-R,-350,500,3
H-R,-350,500,8
H-R,-350,500,1
H-R,-350,500,1
H-R,-350,500,3
H-R,-350,500,8
H-R,-350,500,2
H-R,-350,500,4
H-R,-350,500,1
H-R,-350,500,5
H-R,-350,500,6
H-R,-350,500,8
H-R,-350,500,8
H-R,-350,500,2
H-R,-350,500,1
H-R,-350,500,7
H-R,-350,500,3
H-R,-350,500,1
H-R,-350,500,11
H-R,-350,500,1
H-R,-350,500,3
H-R,-350,500,2
H-R,-350,500,1
H-R,-350,500,2
H-R,-350,500,1
H-R,-350,500,3
H-R,-350,500,1
H-R,-350,500,1
H-R,-350,500,1
H-R,-350,500,3
H-R,-350,500,3
H-R,-350,500,7
H-R,-350,500,3
H-R,-350,500,2
H-R,-350,500,2
H-R,-350,500,1
H-R,-350,500,2
H-R,-350,500,2
H-R,-350,500,10
H-R,-350,500,1
H-R,-350,500,2
H-R,-350,500,1
H-R,-350,500,1
H-R,-350,500,1
H-R,-350,500,3
H-R,-350,500,13
H-R,-350,500,6
H-R,-350,500,3
H-R,-350,500,14
H-R,-350,500,19
H-R,-350,500,1
H-R,-350,500,2
H-R,-350,500,3
H-R,-350,500,2
H-R,-350,500,2
H-R,-350,500,1
H-R,-350,500,5
H-R,-350,500,9
H-R,-350,500,2
H-R,-350,500,4
H-R,-350,500,1
H-R,-350,500,3
H-R,-350,500,5
H-R,-350,500,3
H-R,-350,500,1
H-R,-350,500,1
H-R,-350,500,5
H-R,-350,500,1
H-R,-350,500,1
H-R,-350,500,2
H-R,-350,500,1
H-R,-350,500,3
H-R,-350,500,1
H-R,-350,500,1
H-R,-350,500,1
H-R,-350,500,1
H-R,-350,500,1
H-R,-350,500,1
H-R,-350,500,2
H-R,-350,500,2
H-R,-350,500,2
H-R,-350,500,1
H-R,-350,500,1
H-R,-350,500,1
H-R,-350,500,1
H-R,-350,500,1
H-R,-350,500,1
H-R,-350,500,1
H-R,-350,500,1
H-R,-350,500,1
H-R,-350,500,1
H-R,-350,500,1
H-R,-350,500,1
H-R,-350,500,4
H-R,-350,500,4
H-R,-350,500,1
H-R,-350,500,8
H-R,-350,500,1
H-R,-350,500,3
H-R,-350,500,1
H-R,-350,500,3
H-R,-350,500,1
H-R,-350,500,2
H-R,-350,500,13
H-R,-350,500,1
H-R,-350,500,4
H-R,-350,500,2
H-R,-350,500,1
H-R,-350,500,1
H-R,-350,500,4
H-R,-350,500,2
H-R,-350,500,2
H-R,-350,500,12
H-R,-350,500,1
H-R,-350,500,1
H-R,-350,500,1
H-R,-350,500,1
H-R,-350,500,3
H-R,-350,500,1
H-R,-350,500,6
H-R,-350,500,3
H-R,-350,500,7
H-R,-350,500,3
H-R,-350,500,1
H-R,-350,500,1
H-R,-350,500,2
H-R,-350,500,1
H-R,-350,500,4
H-R,-350,500,1
H-R,-350,500,1
H-R,-350,500,1
H-R,-350,500,1
H-R,-350,500,1
H-R,-350,500,2
H-R,-350,500,4
H-R,-350,500,2
H-R,-350,500,2
H-R,-350,500,10
H-R,-350,500,3
H-R,-350,500,6
H-R,-350,500,3
H-R,-350,500,1
H-R,-350,500,1
H-R,-350,500,1
H-R,-350,500,4
H-R,-350,500,2
H-R,-350,500,1
H-R,-350,500,1
H-R,-350,500,1
H-R,-350,500,1
H-R,-350,500,1
H-R,-350,500,1
H-R,-350,500,4
H-R,-350,500,1
H-R,-350,500,3
H-R,-350,500,1
H-R,-350,500,4
H-R,-350,500,7
H-R,-350,500,3
H-R,-350,500,2
H-R,-350,500,3
H-R,-350,500,3
H-R,-350,500,1
H-R,-350,500,1
H-R,-350,500,1
H-R,-350,500,3
H-R,-350,500,1
H-R,-350,500,1
H-R,-350,500,9
H-R,-350,500,3
H-R,-350,500,2
H-R,-350,500,4
H-R,-350,500,6
H-R,-350,500,1
H-R,-350,500,1
H-R,-350,500,5
H-R,-350,500,3
H-R,-350,500,1
H-R,-350,500,2
H-R,-350,500,1
H-R,-350,500,1
H-R,-350,500,7
H-R,-350,500,4
H-R,-350,500,2
H-R,-350,500,1
H-R,-350,500,1
H-R,-350,500,2
H-R,-350,500,1
H-R,-350,500,3
H-R,-350,500,2
H-R,-350,500,4
H-R,-350,500,4
H-R,-350,500,33
H-R,-350,500,2
H-R,-350,500,7
H-R,-350,500,1
H-R,-350,500,1
H-R,-350,500,1
H-R,-350,500,1
H-R,-350,500,1
H-R,-350,500,1
H-R,-350,500,6
H-R,-350,500,1
H-R,-350,500,3
H-R,-350,500,3
H-R,-350,500,1
H-R,-350,500,1
H-R,-350,500,1
H-R,-350,500,1
H-R,-350,500,3
H-R,-350,500,2
H-R,-350,500,1
H-R,-350,500,7
H-R,-350,500,1
H-R,-350,500,2
H-R,-350,500,1
H-R,-350,500,1
H-R,-350,500,2
H-R,-350,500,1
H-R,-350,500,2
H-R,-350,500,1
H-R,-350,500,1
H-R,-350,500,1
H-R,-350,500,1
H-R,-350,500,1
H-R,-350,500,3
H-R,-350,500,3
H-R,-350,500,1
H-R,-350,500,1
H-R,-350,500,1
H-R,-350,500,2
H-R,-350,500,1
H-R,-350,500,1
H-R,-350,500,2
H-R,-350,500,1
H-R,-350,500,2
H-R,-350,500,1
H-R,-350,500,3
H-R,-350,500,2
H-R,-350,500,9
H-R,-350,500,1
H-R,-350,500,1
H-R,-350,500,7
H-R,-350,500,3
H-R,-350,500,6
H-R,-350,500,4
H-R,-350,500,2
H-R,-350,500,1
H-R,-350,500,5
H-R,-350,500,2
H-R,-350,500,3
H-R,-350,500,4
H-R,-350,500,6
H-R,-350,500,1
H-R,-350,500,1
H-R,-350,500,2
H-R,-350,500,2
H-R,-350,500,1
H-R,-350,500,1
H-R,-350,500,1
H-R,-350,500,1
H-R,-350,500,1
H-R,-350,500,1
H-R,-350,500,1
H-R,-350,500,2
H-R,-350,500,1
H-R,-350,500,3
H-R,-350,500,1
H-R,-350,500,1
H-R,-350,500,3
H-R,-350,500,3
H-R,-350,500,3
H-R,-350,500,1
H-R,-350,500,2
H-R,-350,500,5
H-R,-350,500,1
H-R,-350,500,1
H-R,-350,500,2
H-R,-350,500,1
H-R,-350,500,1
H-R,-350,500,2
H-R,-350,500,6
H-R,-350,500,5
H-R,-350,500,7
H-R,-350,500,1
H-R,-350,500,1
H-R,-350,500,1
H-R,-350,500,1
H-R,-350,500,1
H-R,-350,500,1
H-R,-350,500,1
H-R,-350,500,1
H-R,-350,500,1
H-R,-350,500,1
H-R,-350,500,1
H-R,-350,500,2
H-R,-350,500,1
H-R,-350,500,1
H-R,-350,500,1
H-R,-350,500,5
H-R,-350,500,2
H-R,-350,500,1
H-R,-350,500,1
H-R,-350,500,1
H-R,-350,500,1
H-R,-350,500,1
H-R,-350,500,1
H-R,-350,500,1
H-R,-350,500,1
H-R,-350,500,2
H-R,-350,500,2
H-R,-350,500,3
H-R,-350,500,4
H-R,-350,500,1
H-R,-350,500,1
H-R,-350,500,1
H-R,-350,500,1
H-R,-350,500,1
H-R,-350,500,1
H-R,-350,500,1
H-R,-350,500,2
H-R,-350,500,1
H-R,-350,500,1
H-R,-350,500,4
H-R,-350,500,3
H-R,-350,500,1
H-R,-350,500,1
H-R,-350,500,1
H-R,-350,500,1
H-R,-350,500,1
H-R,-350,500,1
H-R,-350,500,5
H-R,-350,500,3
H-R,-350,500,2
H-R,-350,500,2
H-R,-350,500,1
H-R,-350,500,1
H-R,-350,500,1
H-R,-350,500,1
H-R,-350,500,1
H-R,-350,500,1
H-R,-350,500,1
H-R,-350,500,1
H-R,-350,500,1
H-R,-350,500,4
H-R,-350,500,1
H-R,-350,500,2
H-R,-350,500,1
H-R,-350,500,1
H-R,-350,500,2
H-R,-350,500,2
H-R,-350,500,1
H-R,-350,500,1
H-R,-350,500,2
H-R,-350,500,1
H-R,-350,500,3
H-R,-350,500,1
H-R,-350,500,2
H-R,-350,500,10
H-R,-350,500,1
H-R,-350,500,1
H-R,-350,500,1
H-R,-350,500,2
H-R,-350,500,2
H-R,-350,500,1
H-R,-350,500,1
H-R,-350,500,1
H-R,-350,500,1
H-R,-350,500,6
H-R,-350,500,5
H-R,-350,500,1
H-R,-350,500,1
H-R,-350,500,3
H-R,-350,500,2
H-R,-350,500,1
H-R,-350,500,3
H-R,-350,500,4
H-R,-350,500,4
H-R,-350,500,12
H-R,-350,500,1
H-R,-350,500,1
H-R,-350,500,1
H-R,-350,500,1
H-R,-350,500,1
H-R,-350,500,4
H-R,-350,500,1
H-R,-350,500,1
H-R,-350,500,1
H-R,-350,500,1
H-R,-350,500,1
H-R,-350,500,1
H-R,-350,500,1
H-R,-350,500,1
H-R,-350,500,1
H-R,-350,500,1
H-R,-350,500,23
H-R,-350,500,15
H-R,-350,500,8
H-R,-350,500,9
H-R,-350,500,13
H-R,-350,500,4
H-R,-350,500,13
H-R,-350,500,2
H-R,-350,500,2
H-R,-350,500,11
H-R,-350,500,3
H-R,-350,500,20
H-R,-350,500,4
H-R,-350,500,3
H-R,-350,500,8
H-R,-350,500,8
H-R,-350,500,10
H-R,-350,500,7
H-R,-350,500,15
H-R,-350,500,13
H-R,-350,500,3
H-R,-350,500,30
H-R,-350,500,6
H-R,-350,500,8
H-R,-350,500,17
H-R,-350,500,2
H-R,-350,500,6
H-R,-350,500,32
H-R,-350,500,3
H-R,-350,500,5
H-R,-350,500,3
H-R,-350,500,14
H-R,-350,500,2
H-R,-350,500,2
H-R,-350,500,4
H-R,-350,500,15
H-R,-350,500,2
H-R,-350,500,9
H-R,-350,500,5
H-R,-350,500,8
H-R,-350,500,35
H-R,-350,500,7
H-R,-350,500,4
H-R,-350,500,24
H-R,-350,500,1
H-R,-350,500,1
H-R,-350,500,1
H-R,-350,500,1
H-R,-350,500,6
H-R,-350,500,7
H-R,-350,500,9
H-R,-350,500,8
H-R,-350,500,17
H-R,-350,500,6
H-R,-350,500,10
H-R,-350,500,3
H-R,-350,500,33
H-R,-350,500,36
H-R,-350,500,32
H-R,-350,500,4
H-R,-350,500,9
H-R,-350,500,9
H-R,-350,500,1
H-R,-350,500,1
H-R,-350,500,1
H-R,-350,500,9
H-R,-350,500,1
H-R,-350,500,17
H-R,-350,500,3
H-R,-350,500,5
H-R,-350,500,3
H-R,-350,500,1
H-R,-350,500,37
H-R,-350,500,1
H-R,-350,500,5
H-R,-350,500,1
H-R,-350,500,5
H-R,-350,500,3
H-R,-350,500,3
H-R,-350,500,4
H-R,-350,500,7
H-R,-350,500,2
H-R,-350,500,1
H-R,-350,500,2
H-R,-350,500,4
H-R,-350,500,1
H-R,-350,500,3
H-R,-350,500,5
H-R,-350,500,8
H-R,-350,500,2
H-R,-350,500,6
H-R,-350,500,3
H-R,-350,500,3
H-R,-350,500,2
H-R,-350,500,5
H-R,-350,500,21
H-R,-350,500,3
H-R,-350,500,7
H-R,-350,500,4
H-R,-350,500,7
H-R,-350,500,12
H-R,-350,500,28
H-R,-350,500,2
H-R,-350,500,5
H-R,-350,500,2
H-R,-350,500,8
H-R,-350,500,8
H-R,-350,500,1
H-R,-350,500,2
H-R,-350,500,3
H-R,-350,500,4
H-R,-350,500,1
H-R,-350,500,5
H-R,-350,500,2
H-R,-350,500,2
H-R,-350,500,2
H-R,-350,500,20
H-R,-350,500,26
H-R,-350,500,5
H-R,-350,500,6
H-R,-350,500,8
H-R,-350,500,1
H-R,-350,500,9
H-R,-350,500,16
H-R,-350,500,5
H-R,-350,500,7
H-R,-350,500,1
H-R,-350,500,2
H-R,-350,500,4
H-R,-350,500,6
H-R,-350,500,11
H-R,-350,500,2
H-R,-350,500,4
H-R,-350,500,2
H-R,-350,500,8
H-R,-350,500,4
H-R,-350,500,15
H-R,-350,500,1
H-R,-350,500,4
H-R,-350,500,27
H-R,-350,500,4
H-R,-350,500,21
H-R,-350,500,21
H-R,-350,500,4
H-R,-350,500,15
H-R,-350,500,2
H-R,-350,500,3
H-R,-350,500,2
H-R,-350,500,4
H-R,-350,500,1
H-R,-350,500,7
H-R,-350,500,4
H-R,-350,500,12
H-R,-350,500,4
H-R,-350,500,5
H-R,-350,500,2
H-R,-350,500,1
H-R,-350,500,16
H-R,-350,500,2
H-R,-350,500,18
H-R,-350,500,13
H-R,-350,500,1
H-R,-350,500,5
H-R,-350,500,2
H-R,-350,500,3
H-R,-350,500,7
H-R,-350,500,22
H-R,-350,500,6
H-R,-350,500,1
H-R,-350,500,1
H-R,-350,500,4
H-R,-350,500,3
H-R,-350,500,1
H-R,-350,500,3
H-R,-350,500,6
H-R,-350,500,2
H-R,-350,500,4
H-R,-350,500,4
H-R,-350,500,1
H-R,-350,500,12
H-R,-350,500,11
H-R,-350,500,13
H-R,-350,500,3
H-R,-350,500,4
H-R,-350,500,12
H-R,-350,500,4
H-R,-350,500,7
H-R,-350,500,9
H-R,-350,500,7
H-R,-350,500,2
H-R,-350,500,5
H-R,-350,500,11
H-R,-350,500,1
H-R,-350,500,2
H-R,-350,500,5
H-R,-350,500,14
H-R,-350,500,4
H-R,-350,500,6
H-R,-350,500,3
H-R,-350,500,5
H-R,-350,500,9
H-R,-350,500,1
H-R,-350,500,2
H-R,-350,500,2
H-R,-350,500,5
H-R,-350,500,1
H-R,-350,500,2
H-R,-350,500,5
H-R,-350,500,15
H-R,-350,500,7
H-R,-350,500,2
H-R,-350,500,21
H-R,-350,500,8
H-R,-350,500,1
H-R,-350,500,3
H-R,-350,500,1
H-R,-350,500,4
H-R,-350,500,1
H-R,-350,500,2
H-R,-350,500,1
H-R,-350,500,24
H-R,-350,500,15
H-R,-350,500,1
H-R,-350,500,1
H-R,-350,500,50
H-R,-350,500,1
H-R,-350,500,1
H-R,-350,500,3
H-R,-350,500,1
H-R,-350,500,5
H-R,-350,500,3
H-R,-350,500,3
H-R,-350,500,3
H-R,-350,500,8
H-R,-350,500,4
H-R,-350,500,22
H-R,-350,500,1
H-R,-350,500,8
H-R,-350,500,3
H-R,-350,500,1
H-R,-350,500,3
H-R,-350,500,1
H-R,-350,500,4
H-R,-350,500,6
H-R,-350,500,3
H-R,-350,500,1
H-R,-350,500,1
H-R,-350,500,3
H-R,-350,500,2
H-R,-350,500,8
H-R,-350,500,5
H-R,-350,500,5
H-R,-350,500,5
H-R,-350,500,6
H-R,-350,500,7
H-R,-350,500,5
H-R,-350,500,19
H-R,-350,500,3
H-R,-350,500,12
H-R,-350,500,6
H-R,-350,500,5
H-R,-350,500,4
H-R,-350,500,3
H-R,-350,500,1
H-R,-350,500,1
H-R,-350,500,1
H-R,-350,500,1
H-R,-350,500,1
H-R,-350,500,5
H-R,-350,500,1
H-R,-350,500,1
H-R,-350,500,4
H-R,-350,500,2
H-R,-350,500,1
H-R,-350,500,11
H-R,-350,500,7
H-R,-350,500,1
H-R,-350,500,2
H-R,-350,500,11
H-R,-350,500,2
H-R,-350,500,4
H-R,-350,500,42
H-R,-350,500,3
H-R,-350,500,13
H-R,-350,500,2
H-R,-350,500,1
H-R,-350,500,1
H-R,-350,500,1
H-R,-350,500,1
H-R,-350,500,1
H-R,-350,500,2
H-R,-350,500,2
H-R,-350,500,7
H-R,-350,500,8
H-R,-350,500,21
H-R,-350,500,4
H-R,-350,500,9
H-R,-350,500,11
H-R,-350,500,12
H-R,-350,500,19
H-R,-350,500,7
H-R,-350,500,1
H-R,-350,500,13
H-R,-350,500,15
H-R,-350,500,2
H-R,-350,500,2
H-R,-350,500,2
H-R,-350,500,2
H-R,-350,500,20
H-R,-350,500,8
H-R,-350,500,3
H-R,-350,500,9
H-R,-350,500,12
H-R,-350,500,4
H-R,-350,500,1
H-R,-350,500,2
H-R,-350,500,1
H-R,-350,500,1
H-R,-350,500,2
H-R,-350,500,4
H-R,-350,500,2
H-R,-350,500,6
H-R,-350,500,2
H-R,-350,500,1
H-R,-350,500,1
H-R,-350,500,2
H-R,-350,500,5
H-R,-350,500,2
H-R,-350,500,7
H-R,-350,500,3
H-R,-350,500,5
H-R,-350,500,13
H-R,-350,500,1
H-R,-350,500,1
H-R,-350,500,1
H-R,-350,500,1
H-R,-350,500,3
H-R,-350,500,3
H-R,-350,500,2
H-R,-350,500,8
H-R,-350,500,5
H-R,-350,500,7
H-R,-350,500,2
H-R,-350,500,2
H-R,-350,500,6
H-R,-350,500,6
H-R,-350,500,5
H-R,-350,500,3
H-R,-350,500,3
H-R,-350,500,3
H-R,-350,500,1
H-R,-350,500,1
H-R,-350,500,1
H-R,-350,500,1
H-R,-350,500,1
H-R,-350,500,1
H-R,-350,500,1
H-R,-350,500,1
H-R,-350,500,1
H-R,-350,500,1
H-R,-350,500,1
H-R,-350,500,1
H-R,-350,500,4
H-R,-350,500,6
H-R,-350,500,1
H-R,-350,500,2
H-R,-350,500,7
H-R,-350,500,1
H-R,-350,500,1
H-R,-350,500,6
H-R,-350,500,5
H-R,-350,500,7
H-R,-350,500,1
H-R,-350,500,1
H-R,-350,500,1
H-R,-350,500,2
H-R,-350,500,1
H-R,-350,500,1
H-R,-350,500,7
H-R,-350,500,2
H-R,-350,500,2
H-R,-350,500,4
H-R,-350,500,4
H-R,-350,500,5
H-R,-350,500,3
H-R,-350,500,5
H-R,-350,500,5
H-R,-350,500,7
H-R,-350,500,6
H-R,-350,500,15
H-R,-350,500,5
H-R,-350,500,4
H-R,-350,500,2
H-R,-350,500,3
H-R,-350,500,3
H-R,-350,500,3
H-R,-350,500,6
H-R,-350,500,4
H-R,-350,500,3
H-R,-350,500,6
H-R,-350,500,1
H-R,-350,500,12
H-R,-350,500,1
H-R,-350,500,1
H-R,-350,500,8
H-R,-350,500,4
H-R,-350,500,1
H-R,-350,500,1
H-R,-350,500,1
H-R,-350,500,1
H-R,-350,500,4
H-R,-350,500,2
H-R,-350,500,1
H-R,-350,500,2
H-R,-350,500,1
H-R,-350,500,1
H-R,-350,500,1
H-R,-350,500,1
H-R,-350,500,3
H-R,-350,500,2
H-R,-350,500,1
H-R,-350,500,3
H-R,-350,500,1
H-R,-350,500,1
H-R,-350,500,2
H-R,-350,500,2
H-R,-350,500,2
H-R,-350,500,2
H-R,-350,500,1
H-R,-350,500,1
H-R,-350,500,6
H-R,-350,500,3
H-R,-350,500,3
H-R,-350,500,1
H-R,-350,500,3
H-R,-350,500,1
H-R,-350,500,1
H-R,-350,500,3
H-R,-350,500,5
H-R,-350,500,2
H-R,-350,500,2
H-R,-350,500,1
H-R,-350,500,6
H-R,-350,500,12
H-R,-350,500,8
H-R,-350,500,6
H-R,-350,500,1
H-R,-350,500,4
H-R,-350,500,10
H-R,-350,500,1
H-R,-350,500,3
H-R,-350,500,1
H-R,-350,500,1
H-R,-350,500,3
H-R,-350,500,3
H-R,-350,500,1
H-R,-350,500,1
H-R,-350,500,1
H-R,-350,500,1
H-R,-350,500,2
H-R,-350,500,1
H-R,-350,500,20
H-R,-350,500,5
H-R,-350,500,3
H-R,-350,500,7
H-R,-350,500,1
H-R,-350,500,3
H-R,-350,500,1
H-R,-350,500,1
H-R,-350,500,8
H-R,-350,500,3
H-R,-350,500,4
H-R,-350,500,2
H-R,-350,500,19
H-R,-350,500,1
H-R,-350,500,17
H-R,-350,500,6
H-R,-350,500,15
H-R,-350,500,21
H-R,-350,500,10
H-R,-350,500,21
H-R,-350,500,2
H-R,-350,500,4
H-R,-350,500,3
H-R,-350,500,1
H-R,-350,500,1
H-R,-350,500,7
H-R,-350,500,27
H-R,-350,500,7
H-R,-350,500,1
H-R,-350,500,4
H-R,-350,500,1
H-R,-350,500,5
H-R,-350,500,1
H-R,-350,500,1
H-R,-350,500,15
H-R,-350,500,10
H-R,-350,500,25
H-R,-350,500,13
H-R,-350,500,19
H-R,-350,500,8
H-R,-350,500,3
H-R,-350,500,20
H-R,-350,500,6
H-R,-350,500,4
H-R,-350,500,2
H-R,-350,500,3
H-R,-350,500,7
H-R,-350,500,22
H-R,-350,500,8
H-R,-350,500,8
H-R,-350,500,5
H-R,-350,500,10
H-R,-350,500,1
H-R,-350,500,1
H-R,-350,500,2
H-R,-350,500,4
H-R,-350,500,1
H-R,-350,500,2
H-R,-350,500,3
H-R,-350,500,15
H-R,-350,500,2
H-R,-350,500,1
H-R,-350,500,3
H-R,-350,500,19
H-R,-350,500,2
H-R,-350,500,4
H-R,-350,500,1
H-R,-350,500,1
H-R,-350,500,2
H-R,-350,500,1
H-R,-350,500,6
H-R,-350,500,1
H-R,-350,500,3
H-R,-350,500,6
H-R,-350,500,3
H-R,-350,500,9
H-R,-350,500,25
H-R,-350,500,2
H-R,-350,500,1
H-R,-350,500,2
H-R,-350,500,26
H-R,-350,500,1
H-R,-350,500,1
H-R,-350,500,11
H-R,-350,500,1
H-R,-350,500,1
H-R,-350,500,5
H-R,-350,500,7
H-R,-350,500,13
H-R,-350,500,12
H-R,-350,500,1
H-R,-350,500,12
H-R,-350,500,18
H-R,-350,500,1
H-R,-350,500,1
H-R,-350,500,1
H-R,-350,500,1
H-R,-350,500,1
H-R,-350,500,3
H-R,-350,500,2
H-R,-350,500,2
H-R,-350,500,1
H-R,-350,500,3
H-R,-350,500,1
H-R,-350,500,5
H-R,-350,500,1
H-R,-350,500,1
H-R,-350,500,1
H-R,-350,500,1
H-R,-350,500,1
H-R,-350,500,2
H-R,-350,500,1
H-R1,-350,80,1
H-R,-350,500,1
H-R,-350,500,1
H-R,-350,500,3
H-R,-350,500,3
H-R,-350,500,1
H-R,-350,500,3
H-R,-350,500,1
H-R,-350,500,1
H-R,-350,500,11
H-R,-350,500,4
H-R,-350,500,1
H-R,-350,500,1
H-R,-350,500,29
H-R,-350,500,2
H-R,-350,500,1
H-R,-350,500,15
H-R,-350,500,9
H-R,-350,500,4
H-R,-350,500,2
H-R,-350,500,3
H-R,-350,500,1
H-R,-350,500,1
H-R,-350,500,1
H-R,-350,500,11
H-R,-350,500,3
H-R,-350,500,7
H-R,-350,500,1
H-R,-350,500,1
H-R,-350,500,2
H-R,-350,500,1
H-R,-350,500,7
H-R,-350,500,1
H-R,-350,500,4
H-R,-350,500,6
H-R,-350,500,1
H-R,-350,500,3
H-R,-350,500,2
H-R,-350,500,1
H-R,-350,500,1
H-R,-350,500,1
H-R,-350,500,1
H-R,-350,500,1
H-R,-350,500,13
H-R,-350,500,1
H-R,-350,500,17
H-R,-350,500,1
H-R,-350,500,3
H-R,-350,500,2
H-R,-350,500,1
H-R,-350,500,1
H-R,-350,500,1
H-R,-350,500,1
H-R,-350,500,1
H-R,-350,500,1
H-R,-350,500,1
H-R,-350,500,1
H-R,-350,500,7
H-R,-350,500,10
H-R,-350,500,2
H-R,-350,500,26
H-R,-350,500,1
H-R,-350,500,5
H-R,-350,500,6
H-R,-350,500,8
H-R,-350,500,12
H-R,-350,500,2
H-R,-350,500,2
H-R,-350,500,2
H-R,-350,500,6
H-R,-350,500,1
H-R,-350,500,1
H-R,-350,500,1
H-R,-350,500,1
H-R,-350,500,1
H-R,-350,500,1
H-R,-350,500,2
H-R,-350,500,1
H-R,-350,500,1
H-R,-350,500,1
H-R,-350,500,1
H-R,-350,500,1
H-R,-350,500,1
H-R,-350,500,1
H-R,-350,500,1
H-R,-350,500,1
H-R,-350,500,1
H-R,-350,500,1
H-R,-350,500,1
H-R,-350,500,3
H-R,-350,500,1
H-R,-350,500,1
H-R,-350,500,2
H-R,-350,500,1
H-R,-350,500,1
H-R,-350,500,7
H-R,-350,500,5
H-R,-350,500,2
H-R,-350,500,1
H-R,-350,500,1
H-R,-350,500,12
H-R,-350,500,1
H-R,-350,500,19
H-R,-350,500,1
H-R,-350,500,1
H-R,-350,500,5
H-R,-350,500,1
H-R,-350,500,1
H-R,-350,500,1
H-R,-350,500,2
H-R,-350,500,2
H-R,-350,500,1
H-R,-350,500,2
H-R,-350,500,3
H-R,-350,500,3
H-R,-350,500,1
H-R,-350,500,1
H-R,-350,500,11
H-R,-350,500,3
H-R,-350,500,1
H-R,-350,500,6
H-R,-350,500,1
H-R,-350,500,1
H-R,-350,500,1
H-R,-350,500,1
H-R,-350,500,3
H-R,-350,500,9
H-R,-350,500,5
H-R,-350,500,5
H-R,-350,500,3
H-R,-350,500,10
H-R,-350,500,1
H-R,-350,500,5
H-R,-350,500,2
H-R,-350,500,4
H-R,-350,500,2
H-R,-350,500,1
H-R,-350,500,2
H-R,-350,500,1
H-R,-350,500,1
H-R,-350,500,1
H-R,-350,500,6
H-R,-350,500,1
H-R,-350,500,15
H-R,-350,500,5
H-R,-350,500,19
H-R,-350,500,4
H-SR,-350,1800,1
H-SR,-350,1800,3
H-SR,-350,1800,1
H-SR,-350,1800,4
H-SR,-350,1800,2
H-SR,-350,1800,5
H-SR,-350,1800,1
H-SR,-350,1800,11
H-SR,-350,1800,26
H1,-350,-200,1
H1,-350,-200,1
H,-350,-50,1
H,-350,-50,1
H,-350,-50,1
H2,-200,-50,1
H2,-200,-50,1
H2,-200,-50,1
H2-R,-200,500,1
H2-R,-200,500,1
H2-R,-200,500,4
H2-R,-200,500,2
H2-R,-200,500,1
H2-R,-200,500,11
H2-R2,-200,300,2
H2-R,-200,500,1
H2-R,-200,500,1
H2-R,-200,500,13
H2-R,-200,500,1
H2-R,-200,500,1
H2,-200,-50,1
H2,-200,-50,1
H2,-200,-50,1
H2-R,-200,500,1
H2-R,-200,500,1
H2-R,-200,500,1
H2-R1,-200,80,1
H2-R1,-200,80,1
H2-R,-200,500,1
R,-50,500,1
R,-50,500,4
R,-50,500,1
R,-50,500,1
R,-50,500,1
R,-50,500,1
R,-50,500,1
R,-50,500,1
R,-50,500,1
R,-50,500,1
R,-50,500,1
R,-50,500,1
R,-50,500,1
R,-50,500,1
R,-50,500,1
R,-50,500,1
R,-50,500,2
R,-50,500,1
R,-50,500,1
R,-50,500,1
R,-50,500,4
R,-50,500,1
R,-50,500,1
R,-50,500,1
R,-50,500,1
R,-50,500,1
R,-50,500,1
R,-50,500,1
R,-50,500,3
R,-50,500,1
R,-50,500,1
R,-50,500,1
R,-50,500,1
R,-50,500,12
R,-50,500,1
R,-50,500,4
R,-50,500,3
R,-50,500,1
R,-50,500,6
R,-50,500,1
R,-50,500,1
R,-50,500,5
R,-50,500,1
R,-50,500,1
R,-50,500,1
R,-50,500,1
R,-50,500,13
R,-50,500,21
R,-50,500,26
R,-50,500,7
R,-50,500,1
R,-50,500,1
R,-50,500,26
R,-50,500,1
R,-50,500,1
R,-50,500,6
R,-50,500,4
R,-50,500,1
R,-50,500,14
R,-50,500,3
R,-50,500,1
R,-50,500,1
R,-50,500,1
R,-50,500,1
R,-50,500,1
R,-50,500,1
R,-50,500,2
R,-50,500,1
R,-50,500,1
R,-50,500,1
R,-50,500,1
R,-50,500,1
R,-50,500,14
R,-50,500,2
R,-50,500,5
R,-50,500,1
R,-50,500,4
R,-50,500,1
R,-50,500,1
R,-50,500,1
R,-50,500,1
R,-50,500,12
R,-50,500,1
R,-50,500,1
R,-50,500,1
R,-50,500,1
R,-50,500,1
R,-50,500,1
R,-50,500,1
R,-50,500,1
R,-50,500,1
R,-50,500,1
R,-50,500,2
R,-50,500,4
R,-50,500,9
R,-50,500,1
R,-50,500,10
R,-50,500,11
R,-50,500,1
R,-50,500,1
R,-50,500,7
R,-50,500,3
R,-50,500,1
R,-50,500,1
R,-50,500,1
R,-50,500,1
R,-50,500,1
R,-50,500,17
R,-50,500,3
R,-50,500,5
R,-50,500,1
R,-50,500,1
R,-50,500,1
R,-50,500,1
R,-50,500,1
R,-50,500,1
R,-50,500,1
R,-50,500,1
R,-50,500,1
R,-50,500,2
R,-50,500,1
R,-50,500,2
R,-50,500,1
R,-50,500,1
R,-50,500,8
R,-50,500,1
R,-50,500,1
R,-50,500,2
R,-50,500,1
R,-50,500,1
R,-50,500,1
R,-50,500,1
R,-50,500,1
R,-50,500,9
R,-50,500,1
R,-50,500,1
R,-50,500,4
R,-50,500,1
R,-50,500,1
R,-50,500,1
R,-50,500,1
R,-50,500,1
R,-50,500,1
R,-50,500,1
R,-50,500,1
R,-50,500,1
R,-50,500,1
R,-50,500,1
R,-50,500,1
R,-50,500,1
R,-50,500,1
R,-50,500,1
R,-50,500,1
R,-50,500,1
R,-50,500,1
R,-50,500,1
R,-50,500,1
R,-50,500,1
R,-50,500,1
R,-50,500,1
R,-50,500,1
R,-50,500,7
R,-50,500,1
R,-50,500,1
R,-50,500,1
R,-50,500,1
R,-50,500,1
R,-50,500,9
R,-50,500,1
R,-50,500,1
R,-50,500,5
R,-50,500,1
R,-50,500,1
R,-50,500,1
R,-50,500,2
R,-50,500,1
R,-50,500,2
R,-50,500,1
R,-50,500,1
R,-50,500,1
R,-50,500,1
R,-50,500,1
R,-50,500,2
R,-50,500,3
R,-50,500,1
R,-50,500,1
R,-50,500,1
R,-50,500,1
R,-50,500,2
R,-50,500,3
R,-50,500,4
R,-50,500,1
R,-50,500,4
R,-50,500,1
R,-50,500,1
R,-50,500,1
R,-50,500,1
R,-50,500,1
R,-50,500,3
R,-50,500,1
R,-50,500,1
R,-50,500,4
R,-50,500,1
R,-50,500,1
R,-50,500,2
R,-50,500,1
R,-50,500,1
R,-50,500,1
R,-50,500,1
R,-50,500,1
R,-50,500,1
R,-50,500,1
R,-50,500,3
R,-50,500,1
R,-50,500,2
R,-50,500,1
R,-50,500,1
R,-50,500,1
R,-50,500,1
R,-50,500,1
R,-50,500,1
R,-50,500,2
R,-50,500,2
R,-50,500,1
R,-50,500,1
R,-50,500,1
R,-50,500,1
R,-50,500,2
R,-50,500,1
R,-50,500,1
R,-50,500,1
R,-50,500,1
R,-50,500,4
R,-50,500,1
R,-50,500,2
R,-50,500,2
R,-50,500,1
R,-50,500,1
R,-50,500,2
R,-50,500,1
R,-50,500,1
R,-50,500,1
R,-50,500,1
R,-50,500,1
R,-50,500,2
R,-50,500,1
R,-50,500,1
R,-50,500,1
R,-50,500,1
R,-50,500,1
R,-50,500,1
R,-50,500,1
R,-50,500,1
R,-50,500,1
R,-50,500,2
R,-50,500,1
R,-50,500,1
R,-50,500,1
R,-50,500,1
R,-50,500,1
R,-50,500,1
R,-50,500,1
R,-50,500,1
R,-50,500,4
R,-50,500,1
R,-50,500,1
R,-50,500,1
R,-50,500,1
R,-50,500,1
R,-50,500,1
R,-50,500,1
R,-50,500,1
R,-50,500,2
R,-50,500,1
R,-50,500,1
R,-50,500,1
R,-50,500,1
R,-50,500,1
R,-50,500,1
R,-50,500,1
R,-50,500,1
R,-50,500,1
R,-50,500,1
R,-50,500,1
R,-50,500,1
R,-50,500,1
R,-50,500,1
R,-50,500,1
R,-50,500,1
R,-50,500,1
R,-50,500,1
R,-50,500,2
R,-50,500,1
R,-50,500,6
R,-50,500,3
R,-50,500,1
R,-50,500,1
R,-50,500,1
R,-50,500,2
R,-50,500,5
R,-50,500,5
R,-50,500,6
R,-50,500,1
R,-50,500,1
R,-50,500,1
R,-50,500,1
R,-50,500,2
R,-50,500,1
R,-50,500,1
R,-50,500,2
R,-50,500,1
R,-50,500,2
R,-50,500,1
R,-50,500,1
R,-50,500,1
R,-50,500,1
R,-50,500,1
R,-50,500,1
R,-50,500,4
R,-50,500,2
R,-50,500,1
R,-50,500,1
R,-50,500,1
R,-50,500,1
R,-50,500,1
R,-50,500,2
R,-50,500,1
R,-50,500,1
R,-50,500,1
R,-50,500,1
R,-50,500,1
R,-50,500,3
R,-50,500,2
R,-50,500,1
R,-50,500,3
R,-50,500,1
R,-50,500,1
R,-50,500,2
R,-50,500,4
R,-50,500,1
R,-50,500,1
R,-50,500,1
R,-50,500,1
R,-50,500,1
R,-50,500,2
R,-50,500,1
R,-50,500,1
R,-50,500,1
R,-50,500,5
R,-50,500,6
R,-50,500,3
R,-50,500,3
R,-50,500,2
R,-50,500,2
R,-50,500,4
R,-50,500,21
R,-50,500,5
R,-50,500,2
R,-50,500,5
R,-50,500,8
R,-50,500,5
R,-50,500,1
R,-50,500,2
R,-50,500,2
R,-50,500,1
R,-50,500,3
R,-50,500,1
R,-50,500,1
R,-50,500,1
R,-50,500,3
R,-50,500,1
R,-50,500,1
R,-50,500,1
R,-50,500,1
R,-50,500,1
R,-50,500,1
R,-50,500,2
R,-50,500,5
R,-50,500,2
R,-50,500,1
R,-50,500,1
R,-50,500,1
R,-50,500,6
R,-50,500,8
R,-50,500,2
R,-50,500,3
R,-50,500,2
R,-50,500,2
R,-50,500,5
R,-50,500,2
R,-50,500,2
R,-50,500,3
R,-50,500,2
R,-50,500,1
R,-50,500,1
R,-50,500,1
R,-50,500,2
R,-50,500,1
R,-50,500,1
R,-50,500,1
R,-50,500,1
R,-50,500,1
R,-50,500,3
R,-50,500,1
R,-50,500,1
R,-50,500,1
R,-50,500,1
R,-50,500,1
R,-50,500,2
R,-50,500,1
R,-50,500,1
R,-50,500,1
R,-50,500,1
R,-50,500,2
R,-50,500,3
R,-50,500,8
R,-50,500,7
R,-50,500,3
R,-50,500,1
R,-50,500,4
R,-50,500,2
R,-50,500,1
R,-50,500,2
R,-50,500,5
R,-50,500,2
R,-50,500,8
R,-50,500,3
R,-50,500,4
R,-50,500,2
R,-50,500,4
R,-50,500,2
R,-50,500,2
R,-50,500,6
R,-50,500,3
R,-50,500,1
R,-50,500,1
R,-50,500,1
R,-50,500,8
R,-50,500,1
R,-50,500,1
R,-50,500,2
R,-50,500,9
R,-50,500,1
R,-50,500,1
R,-50,500,1
R,-50,500,1
R,-50,500,2
R,-50,500,2
R,-50,500,1
R,-50,500,1
R,-50,500,1
R,-50,500,2
R,-50,500,2
R,-50,500,1
R,-50,500,1
R,-50,500,1
R,-50,500,1
R,-50,500,1
R,-50,500,1
R,-50,500,1
R,-50,500,1
R,-50,500,1
R,-50,500,1
R,-50,500,1
R,-50,500,2
R,-50,500,8
R,-50,500,2
R,-50,500,2
R,-50,500,2
R,-50,500,2
R,-50,500,1
R-M,-50,1500,1
R-M,-50,1500,1
R-M,-50,1500,1
R-M,-50,1500,1
R-M,-50,1500,1
R-M,-50,1500,20
R-M,-50,1500,3
R-M,-50,1500,1
R-M,-50,1500,5
R-M,-50,1500,1
R-M,-50,1500,1
R-M,-50,1500,1
R-M,-50,1500,1
R-M,-50,1500,1
R-M,-50,1500,1
R-M,-50,1500,7
R-M,-50,1500,4
R-M,-50,1500,1
R-M,-50,1500,1
R-M,-50,1500,8
R-M,-50,1500,3
R-M,-50,1500,1
R-M,-50,1500,1
R-M,-50,1500,1
R-M,-50,1500,1
R-M,-50,1500,1
R-M,-50,1500,1
R-M,-50,1500,6
R-M,-50,1500,3
R-M,-50,1500,1
R-M,-50,1500,1
R-M,-50,1500,1
R-M,-50,1500,1
R-M,-50,1500,1
R-M,-50,1500,1
R-M,-50,1500,14
R-M,-50,1500,3
R-M,-50,1500,4
R-M,-50,1500,1
R-M,-50,1500,7
R-M,-50,1500,2
R-M,-50,1500,1
R-M,-50,1500,1
R-M,-50,1500,9
R-M,-50,1500,1
R-M,-50,1500,1
R-M,-50,1500,1
R-M,-50,1500,2
R-M,-50,1500,1
R-M,-50,1500,2
R-M,-50,1500,1
R-M,-50,1500,1
R-M,-50,1500,3
R-M,-50,1500,1
R-M,-50,1500,1
R-M,-50,1500,1
R-M,-50,1500,3
R-M,-50,1500,27
R-M,-50,1500,4
R-M,-50,1500,1
R-M,-50,1500,6
R-M,-50,1500,1
R-M,-50,1500,1
R-M,-50,1500,1
R-M,-50,1500,1
R-M,-50,1500,1
R-M,-50,1500,1
R-M,-50,1500,1
R-M,-50,1500,1
R-M,-50,1500,3
R-M,-50,1500,3
R-M,-50,1500,1
R-M,-50,1500,1
R-M,-50,1500,14
R-M,-50,1500,20
R-M,-50,1500,7
R-M,-50,1500,1
R-M,-50,1500,1
R-M,-50,1500,15
R-SR,-50,1800,2
R-SR,-50,1800,4
R-SR,-50,1800,5
R-SR,-50,1800,2
R-SR,-50,1800,5
R-SR,-50,1800,1
R-SR,-50,1800,4
R-SR,-50,1800,2
R-SR,-50,1800,1
R-SR,-50,1800,1
R-SR,-50,1800,2
R-SR,-50,1800,1
R-SR,-50,1800,19
R-SR,-50,1800,8
R-SR,-50,1800,1
R-SR,-50,1800,1
R-SR,-50,1800,1
R-SR,-50,1800,1
R-SR,-50,1800,1
R-SR,-50,1800,2
R-SR,-50,1800,1
R-SR,-50,1800,2
R-SR,-50,1800,1
R-SR,-50,1800,1
R-SR,-50,1800,3
R-SR,-50,1800,10
R-SR,-50,1800,1
R-SR,-50,1800,1
R-SR,-50,1800,2
R-SR,-50,1800,5
R-SR,-50,1800,2
R-SR,-50,1800,1
R-SR,-50,1800,1
R-SR,-50,1800,1
R-SR,-50,1800,4
R-SR,-50,1800,1
R-SR,-50,1800,2
R-SR,-50,1800,1
R-SR,-50,1800,6
R1,-50,80,1
R1,-50,80,1
R1,-50,80,1
R1,-50,80,2
R1,-50,80,1
R1,-50,80,1
R1,-50,80,1
NR,0,0,1
NR,0,0,1
NR,0,0,1
NR,0,0,8
NR,0,0,1
NR,0,0,1
NR,0,0,3
NR,0,0,1
NR,0,0,4
NR,0,0,1
NR,0,0,2
NR,0,0,5
NR,0,0,1
NR,0,0,1
NR,0,0,1
NR,0,0,1
NR,0,0,2
NR,0,0,5
NR,0,0,6
NR,0,0,16
NR,0,0,4
NR,0,0,1
NR,0,0,58
NR,0,0,24
NR,0,0,27
NR,0,0,1
NR,0,0,1
NR,0,0,1
NR,0,0,1
NR,0,0,4
NR,0,0,1
NR,0,0,1
NR,0,0,1
NR,0,0,2
NR,0,0,1
NR,0,0,2
NR,0,0,1
NR,0,0,1
NR,0,0,1
NR,0,0,3
NR,0,0,16
NR,0,0,11
NR,0,0,1
NR,0,0,4
NR,0,0,7
NR,0,0,3
NR,0,0,9
NR,0,0,30
NR,0,0,8
NR,0,0,5
NR,0,0,3
NR,0,0,26
NR,0,0,1
NR,0,0,2
NR,0,0,1
NR,0,0,1
NR,0,0,1
NR,0,0,1
NR,0,0,1
NR,0,0,1
NR,0,0,1
NR,0,0,1
NR,0,0,4
NR,0,0,7
NR,0,0,1
NR,0,0,2
NR,0,0,2
NR,0,0,1
NR,0,0,6
NR,0,0,1
NR,0,0,2
NR,0,0,1
NR,0,0,14
NR,0,0,2
NR,0,0,2
NR,0,0,1
NR,0,0,5
NR,0,0,1
NR,0,0,3
NR,0,0,1
NR,0,0,1
NR,0,0,1
NR,0,0,2
NR,0,0,1
NR,0,0,4
NR,0,0,3
NR,0,0,2
NR,0,0,1
NR,0,0,1
NR,0,0,1
NR,0,0,2
NR,0,0,3
NR,0,0,1
NR,0,0,8
NR,0,0,14
NR,0,0,1
NR,0,0,1
NR,0,0,2
NR,0,0,3
NR,0,0,1
NR,0,0,1
NR,0,0,1
NR,0,0,10
NR,0,0,1
NR,0,0,1
NR,0,0,1
NR,0,0,1
NR,0,0,1
NR,0,0,1
NR,0,0,1
NR,0,0,1
NR,0,0,3
NR,0,0,23
NR,0,0,5
NR,0,0,3
NR,0,0,6
NR,0,0,3
NR,0,0,5
NR,0,0,2
NR,0,0,14
NR,0,0,14
NR,0,0,3
NR,0,0,3
NR,0,0,3
NR,0,0,72
NR,0,0,4
NR,0,0,1
NR,0,0,1
NR,0,0,2
NR,0,0,1
NR,0,0,3
NR,0,0,3
NR,0,0,4
NR,0,0,2
NR,0,0,2
NR,0,0,1
NR,0,0,1
NR,0,0,1
NR,0,0,65
NR,0,0,2
NR,0,0,1
NR,0,0,5
NR,0,0,15
NR,0,0,50
NR,0,0,42
NR,0,0,4
NR,0,0,50
NR,0,0,2
NR,0,0,3
NR,0,0,20
NR,0,0,12
NR,0,0,14
NR,0,0,15
NR,0,0,6
NR,0,0,2
NR,0,0,6
NR,0,0,1
NR,0,0,1
NR,0,0,7
NR,0,0,11
NR,0,0,20
NR,0,0,7
NR,0,0,8
NR,0,0,31
NR,0,0,3
NR,0,0,4
NR,0,0,8
NR,0,0,30
NR,0,0,12
NR,0,0,6
NR,0,0,1
NR,0,0,4
NR,0,0,120
NR,0,0,55
NR,0,0,29
NR,0,0,43
NR,0,0,3
NR,0,0,2
NR,0,0,1
NR,0,0,1
NR,0,0,1
NR,0,0,1
NR,0,0,2
NR,0,0,2
NR,0,0,1
NR,0,0,1
NR,0,0,1
NR,0,0,1
NR,0,0,1
NR,0,0,1
NR,0,0,2
NR,0,0,2
NR,0,0,1
NR,0,0,1
NR,0,0,13
NR,0,0,2
NR,0,0,1
NR,0,0,2
NR,0,0,1
NR,0,0,3
NR,0,0,2
NR,0,0,22
NR,0,0,18
NR,0,0,14
NR,0,0,9
NR,0,0,8
NR,0,0,4
NR,0,0,4
NR,0,0,5
NR,0,0,2
NR,0,0,3
NR,0,0,1
NR,0,0,3
NR,0,0,3
NR,0,0,7
NR,0,0,20
NR,0,0,1
NR,0,0,5
NR,0,0,4
NR,0,0,10
NR,0,0,15
NR,0,0,5
NR,0,0,10
NR,0,0,3
NR,0,0,69
NR,0,0,27
NR,0,0,63
NR,0,0,21
NR,0,0,7
NR,0,0,7
NR,0,0,32
NR,0,0,20
NR,0,0,20
NR,0,0,6
NR,0,0,2
NR,0,0,11
NR,0,0,2
NR,0,0,9
NR,0,0,14
NR,0,0,5
NR,0,0,3
NR,0,0,11
NR,0,0,7
NR,0,0,2
NR,0,0,3
NR,0,0,16
NR,0,0,3
NR,0,0,4
NR,0,0,7
NR,0,0,3
NR,0,0,4
NR,0,0,1
NR,0,0,3
NR,0,0,2
NR,0,0,9
NR,0,0,8
NR,0,0,2
NR,0,0,2
NR,0,0,2
NR,0,0,3
NR,0,0,11
NR,0,0,10
NR,0,0,4
NR,0,0,12
NR,0,0,5
NR,0,0,7
NR,0,0,1
NR,0,0,4
NR,0,0,2
NR,0,0,8
NR,0,0,10
NR,0,0,2
NR,0,0,16
NR,0,0,11
NR,0,0,1
NR,0,0,22
NR,0,0,35
NR,0,0,8
NR,0,0,6
NR,0,0,11
NR,0,0,10
NR,0,0,10
NR,0,0,6
NR,0,0,4
NR,0,0,7
NR,0,0,6
NR,0,0,5
NR,0,0,5
NR,0,0,11
NR,0,0,11
NR,0,0,4
NR,0,0,3
NR,0,0,2
NR,0,0,3
NR,0,0,15
NR,0,0,4
NR,0,0,16
NR,0,0,5
NR,0,0,4
NR,0,0,5
NR,0,0,1
NR,0,0,3
NR,0,0,2
NR,0,0,4
NR,0,0,17
NR,0,0,90
NR,0,0,27
NR,0,0,41
NR,0,0,7
NR,0,0,8
NR,0,0,15
NR,0,0,30
NR,0,0,4
NR,0,0,2
NR,0,0,6
NR,0,0,12
NR,0,0,14
NR,0,0,3
NR,0,0,39
NR,0,0,2
NR,0,0,20
NR,0,0,3
NR,0,0,4
NR,0,0,5
NR,0,0,21
NR,0,0,63
NR,0,0,4
NR,0,0,3
NR,0,0,1
NR,0,0,3
NR,0,0,1
NR,0,0,1
NR,0,0,2
NR,0,0,2
NR,0,0,3
NR,0,0,1
NR,0,0,3
NR,0,0,2
NR,0,0,4
NR,0,0,1
NR,0,0,2
NR,0,0,1
NR,0,0,4
NR,0,0,10
NR,0,0,2
NR,0,0,2
NR,0,0,4
NR,0,0,1
NR,0,0,1
NR,0,0,2
NR,0,0,3
NR,0,0,4
NR,0,0,2
NR,0,0,2
NR,0,0,10
NR,0,0,1
NR,0,0,1
NR,0,0,1
NR,0,0,1
NR,0,0,4
NR,0,0,3
NR,0,0,2
NR,0,0,6
NR,0,0,3
NR,0,0,1
NR,0,0,1
NR,0,0,11
NR,0,0,5
NR,0,0,4
NR,0,0,9
NR,0,0,2
NR,0,0,14
NR,0,0,6
NR,0,0,8
NR,0,0,1
NR,0,0,3
NR,0,0,4
NR,0,0,5
NR,0,0,11
NR,0,0,8
NR,0,0,7
NR,0,0,2
NR,0,0,2
NR,0,0,4
NR,0,0,19
NR,0,0,14
NR,0,0,33
NR,0,0,4
NR,0,0,33
NR,0,0,15
NR,0,0,62
NR,0,0,18
NR,0,0,17
NR,0,0,18
NR,0,0,6
NR,0,0,21
NR,0,0,12
NR,0,0,32
NR,0,0,10
NR,0,0,10
NR,0,0,4
NR,0,0,7
NR,0,0,6
NR,0,0,5
NR,0,0,24
NR,0,0,3
NR,0,0,1
NR,0,0,2
NR,0,0,22
NR,0,0,41
NR,0,0,2
NR,0,0,14
NR,0,0,16
NR,0,0,3
NR,0,0,2
NR,0,0,11
NR,0,0,16
NR,0,0,17
NR,0,0,2
NR,0,0,3
NR,0,0,5
NR,0,0,10
NR,0,0,1
NR,0,0,15
NR,0,0,1
NR,0,0,3
NR,0,0,4
NR,0,0,8
NR,0,0,1
NR,0,0,2
NR,0,0,22
NR,0,0,4
NR,0,0,7
NR,0,0,11
NR,0,0,7
NR,0,0,5
NR,0,0,5
NR,0,0,17
NR,0,0,18
NR,0,0,19
NR,0,0,9
NR,0,0,2
NR,0,0,2
NR,0,0,5
NR,0,0,12
NR,0,0,8
NR,0,0,3
NR,0,0,8
NR,0,0,2
NR,0,0,7
NR,0,0,1
NR,0,0,5
NR,0,0,3
NR,0,0,20
NR,0,0,13
NR,0,0,25
NR,0,0,38
NR,0,0,30
NR,0,0,8
NR,0,0,3
NR,0,0,15
NR,0,0,17
NR,0,0,107
NR,0,0,33
NR,0,0,7
NR,0,0,7
NR,0,0,2
NR,0,0,34
NR,0,0,24
NR,0,0,3
NR,0,0,38
NR,0,0,21
NR,0,0,4
NR,0,0,60
NR,0,0,52
NR,0,0,7
NR,0,0,21
NR,0,0,20
NR,0,0,25
NR,0,0,11
NR,0,0,15
NR,0,0,33
NR,0,0,13
NR,0,0,14
NR,0,0,2
NR,0,0,7
NR,0,0,34
NR,0,0,1
NR,0,0,1
NR,0,0,9
NR,0,0,5
NR,0,0,2
NR,0,0,1
NR,0,0,8
NR,0,0,3
NR,0,0,1
NR,0,0,50
NR,0,0,12
NR,0,0,7
NR,0,0,10
NR,0,0,9
NR,0,0,10
NR,0,0,1
NR,0,0,30
NR,0,0,7
NR,0,0,18
NR,0,0,1
NR,0,0,1
NR,0,0,3
NR,0,0,1
NR,0,0,2
NR,0,0,7
NR,0,0,19
NR,0,0,29
NR,0,0,6
NR,0,0,6
NR,0,0,1
NR,0,0,8
NR,0,0,1
NR,0,0,1
NR,0,0,1
NR,0,0,12
NR,0,0,2
NR,0,0,8
NR,0,0,5
NR,0,0,5
NR,0,0,11
NR,0,0,7
NR,0,0,9
NR,0,0,3
UNI,0,0,3
UNI,0,0,1
UNI,0,0,1
UNI,0,0,1
UNI,0,0,1
UNI,0,0,1
UNI,0,0,1
UNI,0,0,1
UNI,0,0,1
UNI,0,0,1
UNI,0,0,1
UNI,0,0,1
UNI,0,0,1
UNI,0,0,1
UNI,0,0,1
UNI,0,0,1
UNI,0,0,1
UNI,0,0,1
UNI,0,0,1
UNI,0,0,1
UNI,0,0,1
UNI,0,0,1
UNI,0,0,1
UNI,0,0,1
UNI,0,0,1
UNI,0,0,1
UNI,0,0,1
UNI,0,0,2
UNI,0,0,1
UNI,0,0,1
UNI,0,0,1
UNI,0,0,1
UNI,0,0,1
UNI,0,0,1
UNI,0,0,1
UNI,0,0,1
UNI,0,0,1
UNI,0,0,1
UNI,0,0,2
UNI,0,0,2
UNI,0,0,1
UNI,0,0,1
UNI,0,0,1
UNI,0,0,1
UNI,0,0,1
UNI,0,0,1
UNI,0,0,1
UNI,0,0,7
UNI,0,0,1
UNI,0,0,1
UNI,0,0,1
UNI,0,0,1
UNI,0,0,1
UNI,0,0,1
UNI,0,0,1
UNI,0,0,2
UNI,0,0,1
UNI,0,0,1
UNI,0,0,1
UNI,0,0,1
UNI,0,0,1
UNI,0,0,1
UNI,0,0,1
UNI,0,0,1
UNI,0,0,1
UNI,0,0,2
UNI,0,0,1
UNI,0,0,1
UNI,0,0,1
UNI,0,0,1
UNI,0,0,1
UNI,0,0,1
UNI,0,0,2
UNI,0,0,1
UNI,0,0,1
UNI,0,0,2
UNI,0,0,4
UNI,0,0,1
UNI,0,0,1
UNI,0,0,3
UNI,0,0,1
UNI,0,0,1
UNI,0,0,1
UNI,0,0,1
UNI,0,0,1
UNI,0,0,1
UNI,0,0,1
UNI,0,0,1
UNI,0,0,3
UNI,0,0,1
UNI,0,0,2
UNI,0,0,1
UNI,0,0,1
UNI,0,0,1
UNI,0,0,1
UNI,0,0,1
UNI,0,0,2
UNI,0,0,1
UNI,0,0,2
UNI,0,0,2
UNI,0,0,2
UNI,0,0,1
UNI,0,0,1
UNI,0,0,1
UNI,0,0,2
UNI,0,0,3
UNI,0,0,1
UNI,0,0,1
UNI,0,0,1
UNI,0,0,1
UNI,0,0,1
UNI,0,0,3
UNI,0,0,1
UNI,0,0,1
UNI,0,0,3
UNI,0,0,12
UNI,0,0,2
UNI,0,0,5
UNI,0,0,7
UNI,0,0,2
UNI,0,0,2
UNI,0,0,1
UNI,0,0,2
UNI,0,0,3
UNI,0,0,3
UNI,0,0,1
UNI,0,0,3
UNI,0,0,2
UNI,0,0,5
UNI,0,0,2
UNI,0,0,3
UNI,0,0,10
UNI,0,0,23
UNI,0,0,5
UNI,0,0,8
UNI,0,0,6
UNI,0,0,1
UNI,0,0,4
UNI,0,0,1
UNI,0,0,1
UNI,0,0,6
UNI,0,0,1
UNI,0,0,3
UNI,0,0,2
UNI,0,0,1
UNI,0,0,2
UNI,0,0,2
UNI,0,0,1
UNI,0,0,1
UNI,0,0,1
UNI,0,0,2
UNI,0,0,1
UNI,0,0,1
UNI,0,0,1
UNI,0,0,7
UNI,0,0,3
UNI,0,0,1
UNI,0,0,2
UNI,0,0,1
UNI,0,0,1
UNI,0,0,1
UNI,0,0,2
UNI,0,0,2
UNI,0,0,2
UNI,0,0,3
UNI,0,0,1
UNI,0,0,1
UNI,0,0,2
UNI,0,0,2
UNI,0,0,1
UNI,0,0,2
UNI,0,0,1
UNI,0,0,5
UNI,0,0,3
UNI,0,0,1
UNI,0,0,1
UNI,0,0,1
UNI,0,0,10
UNI,0,0,2
UNI,0,0,1
UNI,0,0,1
UNI,0,0,1
UNI,0,0,2
UNI,0,0,1
UNI,0,0,3
UNI,0,0,2
UNI,0,0,1
UNI,0,0,3
UNI,0,0,3
UNI,0,0,4
UNI,0,0,5
UNI,0,0,4
UNI,0,0,1
UNI,0,0,2
UNI,0,0,2
UNI,0,0,2
UNI,0,0,2
UNI,0,0,1
UNI,0,0,1
UNI,0,0,1
UNI,0,0,2
UNI,0,0,1
UNI,0,0,2
UNI,0,0,4
UNI,0,0,3
UNI,0,0,9
UNI,0,0,4
UNI,0,0,2
UNI,0,0,2
UNI,0,0,1
UNI,0,0,1
UNI,0,0,1
UNI,0,0,1
UNI,0,0,1
UNI,0,0,1
UNI,0,0,1
UNI,0,0,1
UNI,0,0,1
UNI,0,0,2
UNI,0,0,1
UNI,0,0,5
UNI,0,0,1
UNI,0,0,4
UNI,0,0,1
UNI,0,0,1
UNI,0,0,1
UNI,0,0,3
UNI,0,0,2
UNI,0,0,4
UNI,0,0,5
UNI,0,0,5
UNI,0,0,1
UNI,0,0,3
UNI,0,0,6
UNI,0,0,3
UNI,0,0,4
UNI,0,0,2
UNI,0,0,3
UNI,0,0,2
UNI,0,0,1
UNI,0,0,5
UNI,0,0,1
UNI,0,0,1
UNI,0,0,1
UNI,0,0,1
UNI,0,0,1
UNI,0,0,1
UNI,0,0,1
UNI,0,0,2
UNI,0,0,2
UNI,0,0,5
UNI,0,0,1
UNI,0,0,1
UNI,0,0,1
UNI,0,0,1
UNI,0,0,2
UNI,0,0,1
UNI,0,0,1
UNI,0,0,1
UNI,0,0,1
UNI,0,0,2
UNI,0,0,1
UNI,0,0,1
UNI,0,0,2
UNI,0,0,5
UNI,0,0,3
UNI,0,0,37
UNI,0,0,1
UNI,0,0,1
UNI,0,0,1
UNI,0,0,2
UNI,0,0,4
UNI,0,0,2
UNI,0,0,2
UNI,0,0,2
UNI,0,0,4
UNI,0,0,3
UNI,0,0,2
UNI,0,0,7
UNI,0,0,11
UNI,0,0,3
UNI,0,0,3
UNI,0,0,24
UNI,0,0,1
UNI,0,0,2
UNI,0,0,2
UNI,0,0,3
UNI,0,0,7
UNI,0,0,3
UNI,0,0,8
UNI,0,0,12
UNI,0,0,1
UNI,0,0,1
UNI,0,0,2
UNI,0,0,3
UNI,0,0,5
UNI,0,0,1
UNI,0,0,1
UNI,0,0,1
UNI,0,0,1
UNI,0,0,4
UNI,0,0,1
UNI,0,0,1
UNI,0,0,1
UNI,0,0,1
UNI,0,0,3
UNI,0,0,1
UNI,0,0,1
UNI,0,0,3
UNI,0,0,2
UNI,0,0,2
UNI,0,0,2
UNI,0,0,2
UNI,0,0,2
UNI,0,0,3
UNI,0,0,1
UNI,0,0,1
UNI,0,0,1
UNI,0,0,1
UNI,0,0,2
UNI,0,0,4
UNI,0,0,3
UNI,0,0,1
UNI,0,0,2
UNI,0,0,1
UNI,0,0,1
UNI,0,0,2
UNI,0,0,1
UNI,0,0,1
UNI,0,0,1
UNI,0,0,2
UNI,0,0,1
UNI,0,0,1
UNI,0,0,2
UNI,0,0,1
UNI,0,0,2
UNI,0,0,2
UNI,0,0,1
UNI,0,0,2
UNI,0,0,3
UNI,0,0,1
UNI,0,0,1
UNI,0,0,1
UNI,0,0,1
UNI,0,0,1
UNI,0,0,1
UNI,0,0,1
UNI,0,0,1
UNI,0,0,1
UNI,0,0,1
UNI,0,0,1
UNI,0,0,1
UNI,0,0,1
UNI,0,0,1
UNI,0,0,7
UNI,0,0,1
UNI,0,0,10
UNI,0,0,3
UNI,0,0,1
UNI,0,0,1
UNI,0,0,9
UNI,0,0,1
UNI,0,0,1
UNI,0,0,1
UNI,0,0,1
UNI,0,0,5
UNI,0,0,1
UNI,0,0,1
UNI,0,0,5
UNI,0,0,1
UNI,0,0,1
UNI,0,0,2
UNI,0,0,2
UNI,0,0,1
UNI,0,0,1
UNI,0,0,1
UNI,0,0,2
UNI,0,0,1
UNI,0,0,1
UNI,0,0,4
UNI,0,0,1
UNI,0,0,3
UNI,0,0,1
UNI,0,0,5
UNI,0,0,1
UNI,0,0,1
UNI,0,0,2
UNI,0,0,1
UNI,0,0,3
UNI,0,0,3
UNI,0,0,2
UNI,0,0,2
UNI,0,0,13
UNI,0,0,3
UNI,0,0,1
UNI,0,0,5
UNI,0,0,1
UNI,0,0,7
UNI,0,0,6
UNI,0,0,3
UNI,0,0,1
UNI,0,0,2
UNI,0,0,1
UNI,0,0,5
UNI,0,0,2
UNI,0,0,2
UNI,0,0,1
UNI,0,0,4
UNI,0,0,1
UNI,0,0,8
UNI,0,0,1
UNI,0,0,1
UNI,0,0,1
UNI,0,0,2
UNI,0,0,1
UNI,0,0,3
UNI,0,0,4
UNI,0,0,1
UNI,0,0,2
UNI,0,0,1
UNI,0,0,4
UNI,0,0,1
UNI,0,0,1
UNI,0,0,1
UNI,0,0,2
UNI,0,0,3
UNI,0,0,1
UNI,0,0,3
UNI,0,0,1
UNI,0,0,1
UNI,0,0,1
UNI,0,0,1
UNI,0,0,1
UNI,0,0,2
UNI,0,0,2
UNI,0,0,4
UNI,0,0,1
UNI,0,0,2
UNI,0,0,1
UNI,0,0,1
UNI,0,0,1
UNI,0,0,1
UNI,0,0,2
UNI,0,0,1
UNI,0,0,1
UNI,0,0,1
UNI,0,0,2
UNI,0,0,9
UNI,0,0,1
UNI,0,0,1
UNI,0,0,2
UNI,0,0,1
UNI,0,0,2
UNI,0,0,3
UNI,0,0,6
UNI,0,0,1
UNI,0,0,8
UNI,0,0,5
UNI,0,0,18
UNI,0,0,1
UNI,0,0,1
UNI,0,0,2
UNI,0,0,1
UNI,0,0,1
UNI,0,0,3
UNI,0,0,1
UNI,0,0,1
UNI,0,0,1
UNI,0,0,2
UNI,0,0,7
UNI,0,0,1
UNI,0,0,2
UNI,0,0,6
UNI,0,0,2
UNI,0,0,2
UNI,0,0,1
UNI,0,0,1
UNI,0,0,1
UNI,0,0,1
UNI,0,0,1
UNI,0,0,3
UNI,0,0,1
UNI,0,0,3
UNI,0,0,4
UNI,0,0,1
UNI,0,0,2
UNI,0,0,9
UNI,0,0,2
UNI,0,0,1
UNI,0,0,1
UNI,0,0,1
UNI,0,0,1
UNI,0,0,1
UNI,0,0,8
UNI,0,0,1
UNI,0,0,1
UNI,0,0,1
UNI,0,0,2
UNI,0,0,2
UNI,0,0,4
UNI,0,0,1
UNI,0,0,1
UNI,0,0,1
UNI,0,0,1
UNI,0,0,1
UNI,0,0,1
UNI,0,0,1
UNI,0,0,1
UNI,0,0,2
UNI,0,0,2
UNI,0,0,2
UNI,0,0,1
UNI,0,0,1
UNI,0,0,1
UNI,0,0,1
UNI,0,0,5
UNI,0,0,2
UNI,0,0,1
UNI,0,0,2
UNI,0,0,2
UNI,0,0,1
UNI,0,0,1
UNI,0,0,1
UNI,0,0,1
UNI,0,0,1
UNI,0,0,3
UNI,0,0,1
UNI,0,0,3
UNI,0,0,2
UNI,0,0,1
UNI,0,0,1
UNI,0,0,3
UNI,0,0,1
UNI,0,0,1
UNI,0,0,4
UNI,0,0,1
UNI,0,0,2
UNI,0,0,2
UNI,0,0,2
UNI,0,0,2
UNI,0,0,1
UNI,0,0,1
UNI,0,0,1
UNI,0,0,3
UNI,0,0,3
UNI,0,0,3
UNI,0,0,2
UNI,0,0,1
UNI,0,0,1
UNI,0,0,1
UNI,0,0,1
UNI,0,0,1
UNI,0,0,2
UNI,0,0,1
UNI,0,0,1
UNI,0,0,5
UNI,0,0,1
UNI,0,0,1
UNI,0,0,1
UNI,0,0,1
UNI,0,0,1
UNI,0,0,1
UNI,0,0,1
UNI,0,0,9
UNI,0,0,3
UNI,0,0,4
UNI,0,0,2
UNI,0,0,1
UNI,0,0,1
UNI,0,0,1
UNI,0,0,1
UNI,0,0,1
UNI,0,0,1
UNI,0,0,1
UNI,0,0,1
UNI,0,0,1
UNI,0,0,1
UNI,0,0,1
UNI,0,0,3
UNI,0,0,1
UNI,0,0,5
UNI,0,0,1
UNI,0,0,2
UNI,0,0,5
UNI,0,0,1
UNI,0,0,1
UNI,0,0,7
UNI,0,0,2
UNI,0,0,6
UNI,0,0,2
UNI,0,0,1
UNI,0,0,4
UNI,0,0,7
UNI,0,0,10
UNI,0,0,11
UNI,0,0,1
UNI,0,0,1
UNI,0,0,2
UNI,0,0,1
UNI,0,0,2
UNI,0,0,4
UNI,0,0,8
UNI,0,0,5
UNI,0,0,4
UNI,0,0,1
UNI,0,0,1
UNI,0,0,1
UNI,0,0,3
UNI,0,0,2
UNI,0,0,4
UNI,0,0,2
UNI,0,0,7
UNI,0,0,2
UNI,0,0,1
UNI,0,0,1
UNI,0,0,2
UNI,0,0,1
UNI,0,0,1
UNI,0,0,1
UNI,0,0,1
UNI,0,0,6
UNI,0,0,2
UNI,0,0,1
UNI,0,0,1
UNI,0,0,3
UNI,0,0,1
UNI,0,0,1
UNI,0,0,1
UNI,0,0,1
UNI,0,0,1
UNI,0,0,1
UNI,0,0,1
UNI,0,0,3
UNI,0,0,6
UNI,0,0,10
UNI,0,0,1
UNI,0,0,6
UNI,0,0,2
UNI,0,0,4
UNI,0,0,6
UNI,0,0,4
UNI,0,0,3
UNI,0,0,6
UNI,0,0,5
UNI,0,0,5
UNI,0,0,4
UNI,0,0,13
UNI,0,0,9
UNI,0,0,6
UNI,0,0,1
UNI,0,0,1
UNI,0,0,9
UNI,0,0,6
UNI,0,0,1
UNI,0,0,4
UNI,0,0,3
UNI,0,0,2
UNI,0,0,1
UNI,0,0,1
UNI,0,0,3
UNI,0,0,3
UNI,0,0,1
UNI,0,0,1
UNI,0,0,2
UNI,0,0,2
UNI,0,0,3
UNI,0,0,3
UNI,0,0,3
UNI,0,0,4
UNI,0,0,1
UNI,0,0,2
UNI,0,0,1
UNI,0,0,4
UNI,0,0,3
UNI,0,0,3
UNI,0,0,2
UNI,0,0,3
UNI,0,0,6
UNI,0,0,4
UNI,0,0,2
UNI,0,0,2
UNI,0,0,2
UNI,0,0,1
UNI,0,0,5
UNI,0,0,1
UNI,0,0,5
UNI,0,0,1
UNI,0,0,1
UNI,0,0,5
UNI,0,0,1
UNI,0,0,2
UNI,0,0,1
UNI,0,0,2
UNI,0,0,3
UNI,0,0,1
UNI,0,0,2
UNI,0,0,1
UNI,0,0,1
UNI,0,0,13
UNI,0,0,7
UNI,0,0,7
UNI,0,0,1
UNI,0,0,1
UNI,0,0,3
UNI,0,0,4
UNI,0,0,2
UNI,0,0,9
UNI,0,0,1
UNI,0,0,1
UNI,0,0,1
UNI,0,0,3
UNI,0,0,3
UNI,0,0,9
UNI,0,0,2
UNI,0,0,5
UNI,0,0,5
UNI,0,0,1
UNI,0,0,4
UNI,0,0,4
UNI,0,0,1
UNI,0,0,24
UNI,0,0,4
UNI,0,0,11
UNI,0,0,1
UNI,0,0,1
UNI,0,0,2
UNI,0,0,1
UNI,0,0,1
UNI,0,0,4
UNI,0,0,1
UNI,0,0,6
UNI,0,0,3
UNI,0,0,2
UNI,0,0,5
UNI,0,0,1
UNI,0,0,8
UNI,0,0,2
UNI,0,0,1
UNI,0,0,1
UNI,0,0,3
UNI,0,0,5
UNI,0,0,1
UNI,0,0,1
UNI,0,0,6
UNI,0,0,8
UNI,0,0,4
UNI,0,0,7
UNI,0,0,2
UNI,0,0,3
UNI,0,0,22
UNI,0,0,1
UNI,0,0,3
UNI,0,0,7
UNI,0,0,6
UNI,0,0,1
UNI,0,0,1
UNI,0,0,1
UNI,0,0,1
UNI,0,0,1
UNI,0,0,1
UNI,0,0,7
UNI,0,0,26
UNI,0,0,1
UNI,0,0,4
UNI,0,0,4
UNI,0,0,2
UNI,0,0,10
UNI,0,0,1
UNI,0,0,1
UNI,0,0,1
UNI,0,0,4
UNI,0,0,2
UNI,0,0,5
UNI,0,0,8
UNI,0,0,1
UNI,0,0,2
UNI,0,0,9
UNI,0,0,8
UNI,0,0,2
UNI,0,0,1
UNI,0,0,3
UNI,0,0,7
UNI,0,0,2
UNI,0,0,2
UNI,0,0,1
UNI,0,0,3
UNI,0,0,4
UNI,0,0,2
UNI,0,0,5
UNI,0,0,4
UNI,0,0,9
UNI,0,0,3
UNI,0,0,2
UNI,0,0,2
UNI,0,0,3
UNI,0,0,2
UNI,0,0,5
UNI,0,0,9
UNI,0,0,4
UNI,0,0,6
UNI,0,0,10
UNI,0,0,11
UNI,0,0,11
UNI,0,0,1
UNI,0,0,26
UNI,0,0,3
UNI,0,0,49
UNI,0,0,1
UNI,0,0,2
UNI,0,0,15
UNI,0,0,1
UNI,0,0,1
UNI,0,0,1
UNI,0,0,4
UNI,0,0,1
UNI,0,0,3
UNI,0,0,1
UNI,0,0,1
UNI,0,0,1
UNI,0,0,4
UNI,0,0,1
UNI,0,0,1
UNI,0,0,4
UNI,0,0,1
UNI,0,0,1
UNI,0,0,1
UNI,0,0,3
UNI,0,0,1
UNI,0,0,3
UNI,0,0,3
UNI,0,0,11
UNI,0,0,2
UNI,0,0,8
UNI,0,0,3
UNI,0,0,1
UNI,0,0,2
UNI,0,0,2
UNI,0,0,1
UNI,0,0,4
UNI,0,0,7
UNI,0,0,2
UNI,0,0,1
UNI,0,0,25
UNI,0,0,1
UNI,0,0,3
UNI,0,0,8
UNI,0,0,2
UNI,0,0,1
UNI,0,0,8
UNI,0,0,2
UNI,0,0,4
UNI,0,0,1
UNI,0,0,1
UNI,0,0,1
UNI,0,0,1
UNI,0,0,5
UNI,0,0,2
UNI,0,0,4
UNI,0,0,4
UNI,0,0,1
UNI,0,0,4
UNI,0,0,3
UNI,0,0,4
UNI,0,0,2
UNI,0,0,6
UNI,0,0,1
UNI,0,0,1
UNI,0,0,3
UNI,0,0,2
UNI,0,0,4
UNI,0,0,1
UNI,0,0,2
UNI,0,0,1
UNI,0,0,5
UNI,0,0,6
UNI,0,0,1
UNI,0,0,5
UNI,0,0,16
UNI,0,0,8
UNI,0,0,13
UNI,0,0,4
UNI,0,0,2
UNI,0,0,4
UNI,0,0,2
UNI,0,0,10
UNI,0,0,2
UNI,0,0,4
UNI,0,0,4
UNI,0,0,1
UNI,0,0,4
UNI,0,0,3
UNI,0,0,1
UNI,0,0,2
UNI,0,0,3
UNI,0,0,6
UNI,0,0,4
UNI,0,0,3
UNI,0,0,1
UNI,0,0,2
UNI,0,0,1
UNI,0,0,4
UNI,0,0,2
UNI,0,0,23
UNI,0,0,5
UNI,0,0,9
UNI,0,0,7
UNI,0,0,1
UNI,0,0,2
UNI,0,0,4
UNI,0,0,12
UNI,0,0,1
UNI,0,0,16
UNI,0,0,2
UNI,0,0,5
UNI,0,0,2
UNI,0,0,3
UNI,0,0,3
UNI,0,0,1
UNI,0,0,1
UNI,0,0,3
UNI,0,0,1
UNI,0,0,3
UNI,0,0,6
UNI,0,0,11
UNI,0,0,2
UNI,0,0,7
UNI,0,0,9
UNI,0,0,7
UNI,0,0,21
UNI,0,0,2
UNI,0,0,10
UNI,0,0,7
UNI,0,0,13
UNI,0,0,11
UNI,0,0,11
UNI,0,0,2
UNI,0,0,3
UNI,0,0,11
UNI,0,0,9
UNI,0,0,14
UNI,0,0,2
UNI,0,0,3
UNI,0,0,4
UNI,0,0,1
UNI,0,0,2
UNI,0,0,4
UNI,0,0,1
UNI,0,0,1
UNI,0,0,6
UNI,0,0,4
UNI,0,0,4
UNI,0,0,12
UNI,0,0,11
UNI,0,0,3
UNI,0,0,4
UNI,0,0,5
UNI,0,0,18
UNI,0,0,9
UNI,0,0,10
UNI,0,0,7
UNI,0,0,11
UNI,0,0,4
UNI,0,0,8
UNI,0,0,6
UNI,0,0,5
UNI,0,0,11
UNI,0,0,8
UNI,0,0,7
UNI,0,0,4
UNI,0,0,6
UNI,0,0,9
UNI,0,0,3
UNI,0,0,1
UNI,0,0,10
UNI,0,0,3
UNI,0,0,8
UNI,0,0,10
UNI,0,0,22
UNI,0,0,4
UNI,0,0,7
UNI,0,0,1
UNI,0,0,6
UNI,0,0,1
UNI,0,0,6
UNI,0,0,7
UNI,0,0,1
UNI,0,0,1
UNI,0,0,1
UNI,0,0,4
UNI,0,0,5
UNI,0,0,7
UNI,0,0,3
UNI,0,0,11
UNI,0,0,9
UNI,0,0,13
UNI,0,0,13
UNI,0,0,4
UNI,0,0,6
UNI,0,0,1
UNI,0,0,2
UNI,0,0,3
UNI,0,0,1
UNI,0,0,1
UNI,0,0,1
UNI,0,0,19
UNI,0,0,8
UNI,0,0,8
UNI,0,0,15
UNI,0,0,12
UNI,0,0,27
UNI,0,0,15
UNI,0,0,10
UNI,0,0,3
UNI,0,0,1
UNI,0,0,8
UNI,0,0,8
UNI,0,0,6
UNI,0,0,1
UNI,0,0,12
UNI,0,0,21
UNI,0,0,9
UNI,0,0,5
UNI,0,0,9
UNI,0,0,16
UNI,0,0,3
UNI,0,0,5
UNI,0,0,5
UNI,0,0,4
UNI,0,0,1
UNI,0,0,7
UNI,0,0,19
UNI,0,0,4
UNI,0,0,7
UNI,0,0,4
UNI,0,0,5
UNI,0,0,29
UNI,0,0,4
UNI,0,0,10
UNI,0,0,8
UNI,0,0,9
UNI,0,0,26
UNI,0,0,14
UNI,0,0,7
UNI,0,0,3
UNI,0,0,1
UNI,0,0,1
UNI,0,0,2
UNI,0,0,1
UNI,0,0,2
UNI,0,0,1
UNI,0,0,1
UNI,0,0,1
UNI,0,0,4
UNI,0,0,1
UNI,0,0,1
UNI,0,0,2
UNI,0,0,1
UNI,0,0,2
UNI,0,0,1
UNI,0,0,3
UNI,0,0,4
UNI,0,0,4
UNI,0,0,1
UNI,0,0,1
UNI,0,0,3
UNI,0,0,3
UNI,0,0,2
UNI,0,0,1
UNI,0,0,1
UNI,0,0,2
UNI,0,0,2
UNI,0,0,2
UNI,0,0,2
UNI,0,0,2
UNI,0,0,10
UNI,0,0,1
UNI,0,0,2
UNI,0,0,4
UNI,0,0,11
UNI,0,0,6
UNI,0,0,14
UNI,0,0,20
UNI,0,0,13
UNI,0,0,1
UNI,0,0,3
UNI,0,0,11
UNI,0,0,3
UNI,0,0,8
UNI,0,0,6
UNI,0,0,5
UNI,0,0,3
UNI,0,0,1
UNI,0,0,2
UNI,0,0,4
UNI,0,0,4
UNI,0,0,12
UNI,0,0,18
UNI,0,0,1
UNI,0,0,17
UNI,0,0,2
UNI,0,0,3
UNI,0,0,1
UNI,0,0,2
UNI,0,0,1
UNI,0,0,1
UNI,0,0,1
UNI,0,0,1
UNI,0,0,4
UNI,0,0,1
UNI,0,0,20
UNI,0,0,27
UNI,0,0,12
UNI,0,0,6
UNI,0,0,2
UNI,0,0,1
UNI,0,0,1
UNI,0,0,6
UNI,0,0,2
UNI,0,0,1
UNI,0,0,2
UNI,0,0,6
UNI,0,0,16
UNI,0,0,2
UNI,0,0,21
UNI,0,0,7
UNI,0,0,2
UNI,0,0,1
UNI,0,0,1
UNI,0,0,3
UNI,0,0,68
UNI,0,0,20
UNI,0,0,4
UNI,0,0,2
UNI,0,0,1
UNI,0,0,1
UNI,0,0,2
UNI,0,0,1
UNI,0,0,1
UNI,0,0,5
UNI,0,0,1
UNI,0,0,2
UNI,0,0,15
UNI,0,0,3
UNI,0,0,15
UNI,0,0,2
UNI,0,0,2
UNI,0,0,5
UNI,0,0,4
UNI,0,0,5
UNI,0,0,12
UNI,0,0,14
UNI,0,0,4
UNI,0,0,1
UNI,0,0,9
UNI,0,0,3
UNI,0,0,1
UNI,0,0,1
UNI,0,0,8
UNI,0,0,14
UNI,0,0,3
UNI,0,0,11
UNI,0,0,1
UNI,0,0,10
UNI,0,0,9
UNI,0,0,1
UNI,0,0,2
UNI,0,0,1
UNI,0,0,10
UNI,0,0,1
UNI,0,0,1
UNI,0,0,1
UNI,0,0,5
UNI,0,0,8
UNI,0,0,21
UNI,0,0,1
UNI,0,0,1
UNI,0,0,1
UNI,0,0,1
UNI,0,0,1
UNI,0,0,1
UNI,0,0,3
UNI,0,0,1
UNI,0,0,1
UNI,0,0,1
UNI,0,0,1
UNI,0,0,2
UNI,0,0,1
UNI,0,0,1
UNI,0,0,3
UNI,0,0,1
UNI,0,0,3
UNI,0,0,1
UNI,0,0,12
UNI,0,0,1
UNI,0,0,4
UNI,0,0,30
UNI,0,0,1
UNI,0,0,1
UNI,0,0,5
UNI,0,0,1
UNI,0,0,1
UNI,0,0,3
UNI,0,0,1
UNI,0,0,1
UNI,0,0,1
UNI,0,0,1
UNI,0,0,1
UNI,0,0,1
UNI,0,0,1
UNI,0,0,1
UNI,0,0,2
UNI,0,0,1
UNI,0,0,1
UNI,0,0,1
UNI,0,0,1
UNI,0,0,1
UNI,0,0,1
UNI,0,0,1
UNI,0,0,1
UNI,0,0,12
UNI,0,0,13
UNI,0,0,2
UNI,0,0,1
UNI,0,0,2
UNI,0,0,4
UNI,0,0,5
UNI,0,0,3
UNI,0,0,5
UNI,0,0,1
UNI,0,0,1
UNI,0,0,1
UNI,0,0,3
UNI,0,0,3
UNI,0,0,2
UNI,0,0,1
UNI,0,0,23
UNI,0,0,12
UNI,0,0,35
UNI,0,0,4
UNI,0,0,15
UNI,0,0,3
UNI,0,0,7
UNI,0,0,17
UNI,0,0,3
UNI,0,0,3
UNI,0,0,7
UNI,0,0,5
UNI,0,0,11
UNI,0,0,5
UNI,0,0,8
UNI,0,0,31
UNI,0,0,2
UNI,0,0,4
UNI,0,0,3
UNI,0,0,2
UNI,0,0,3
UNI,0,0,3
UNI,0,0,9
UNI,0,0,4
UNI,0,0,3
UNI,0,0,8
UNI,0,0,12
UNI,0,0,20
UNI,0,0,28
UNI,0,0,17
UNI,0,0,4
UNI,0,0,39
UNI,0,0,15
UNI,0,0,19
UNI,0,0,8
UNI,0,0,32
UNI,0,0,2
UNI,0,0,7
UNI,0,0,4
UNI,0,0,2
UNI,0,0,3
UNI,0,0,2
UNI,0,0,2
UNI,0,0,22
UNI,0,0,20
UNI,0,0,7
UNI,0,0,1
UNI,0,0,3
UNI,0,0,12
UNI,0,0,3
UNI,0,0,11
UNI,0,0,8
UNI,0,0,1
R2,80,300,1
R2,80,300,1
R2,80,300,1
R2,80,300,1
R2,80,300,1
R2,80,300,1
R2,80,300,1
R2,80,300,3
R2,80,300,1
R2-R3,80,500,1
R2-R3,80,500,1
R2-R3,80,500,2
R2-R3,80,500,1
R2-R3,80,500,1
R2-R3,80,500,1
R2-R3,80,500,1
R2-R3,80,500,1
R2-R3,80,500,1
R2-R3,80,500,1
R2-R3,80,500,1
R2-R3,80,500,4
R2-R3,80,500,1
R2-R3,80,500,2
R2-R3,80,500,1
R2-R3,80,500,1
R2-R3,80,500,1
R2-SR,80,1800,1
R2-SR,80,1800,16
R2-SR,80,1800,7
R2-SR,80,1800,3
R3,300,500,1
R3,300,500,1
R3,300,500,1
R3,300,500,1
R3,300,500,1
R3,300,500,1
R3,300,500,8
R3,300,500,3
R3,300,500,1
R3,300,500,1
R3,300,500,1
R3,300,500,1
R3,300,500,2
R3,300,500,1
R3,300,500,7
R3,300,500,1
R3,300,500,3
R3,300,500,1
R3,300,500,1
R3,300,500,1
R3,300,500,1
R3,300,500,1
R3,300,500,1
R3,300,500,1
R3,300,500,1
R3,300,500,2
R3,300,500,1
R3,300,500,3
R3,300,500,1
R3,300,500,1
R3,300,500,1
R3,300,500,3
R3,300,500,4
R3,300,500,1
R3,300,500,1
R3,300,500,2
R3,300,500,1
R3,300,500,1
R3,300,500,1
R3,300,500,1
R3,300,500,1
R3,300,500,1
R3,300,500,1
R3,300,500,1
R3,300,500,1
R3,300,500,2
R3,300,500,1
R3,300,500,1
R3,300,500,1
R3,300,500,1
R3,300,500,1
R3,300,500,1
R3,300,500,1
R3,300,500,1
R3,300,500,1
R3,300,500,2
R3,300,500,1
R3,300,500,1
R3,300,500,1
R3,300,500,3
R3,300,500,1
R3,300,500,2
R3,300,500,1
R3,300,500,1
R3,300,500,10
R3,300,500,1
R3,300,500,1
R3,300,500,1
R3-M,300,1500,2
R3-M,300,1500,12
R3-M,300,1500,1
R3-M,300,1500,1
R3-M,300,1500,1
R3-M,300,1500,6
R3-M,300,1500,1
R3-M,300,1500,2
R3-M,300,1500,4
R3-M,300,1500,1
R3-M,300,1500,5
R3-M,300,1500,1
R3-M,300,1500,1
R3-M,300,1500,10
R3-M,300,1500,3
R3-M,300,1500,1
R3-M,300,1500,1
R3-M,300,1500,1
R3-M,300,1500,1
R3-M,300,1500,1
R3-M,300,1500,1
R3-M,300,1500,1
R3-M,300,1500,1
R3-M,300,1500,1
R3-M,300,1500,1
R3-M,300,1500,1
R3-M,300,1500,1
R3-M,300,1500,2
R3-M,300,1500,1
R3-M,300,1500,1
R3-M,300,1500,2
R3-M,300,1500,1
R3-M,300,1500,2
R3-M,300,1500,3
R3-M,300,1500,4
R3-M,300,1500,3
R3-M,300,1500,1
R3-M,300,1500,1
R3-M,300,1500,1
R3-M,300,1500,1
R3-M,300,1500,1
R3-M,300,1500,1
R3-M,300,1500,1
R3-M,300,1500,1
R3-M,300,1500,1
R3-M,300,1500,1
R3-M,300,1500,1
R3-M,300,1500,1
R3-M,300,1500,1
R3-M,300,1500,1
R3-M,300,1500,2
R3-M,300,1500,5
R3-M,300,1500,2
R3-M,300,1500,2
R3-M,300,1500,1
R3-M,300,1500,1
R3-M,300,1500,1
R3-M,300,1500,1
R3-M,300,1500,5
R3-M,300,1500,1
R3-M,300,1500,1
R3-M,300,1500,1
R3-M,300,1500,1
R3-M,300,1500,3
R3-M,300,1500,1
R3-M,300,1500,1
R3-M,300,1500,1
R3-M,300,1500,1
R3-M,300,1500,13
R3-M,300,1500,6
R3-M,300,1500,4
R3-M,300,1500,2
R3-M,300,1500,1
R3-SR,300,1800,21
R3-SR,300,1800,1
R3-SR,300,1800,1
R3-SR,300,1800,1
R3-SR,300,1800,3
R3-SR,300,1800,1
R3-SR,300,1800,1
R3-SR,300,1800,3
R3-SR,300,1800,3
R3-SR,300,1800,1
R3-SR,300,1800,1
R3-SR,300,1800,1
R3-SR,300,1800,1
R3-SR,300,1800,11
R3-SR,300,1800,1
R3-SR,300,1800,1
R3-SR,300,1800,5
R3-SR,300,1800,2
R3-SR,300,1800,2
R3-SR,300,1800,2
R3-SR,300,1800,7
R3-SR,300,1800,12
R3-SR,300,1800,2
R3-SR,300,1800,1
R3-SR,300,1800,2
R3-SR,300,1800,1
R3-SR,300,1800,1
R3-SR,300,1800,4
R3-SR,300,1800,1
R3-SR,300,1800,9
R3-SR,300,1800,1
R3-SR,300,1800,1
R3-SR,300,1800,1
R3-SR,300,1800,1
R3-SR,300,1800,1
R3-SR,300,1800,2
R3-SR,300,1800,10
R3-SR,300,1800,1
R3-SR,300,1800,3
R3-SR,300,1800,6
M,500,1500,1
M,500,1500,1
M,500,1500,1
M,500,1500,1
M,500,1500,2
M,500,1500,1
M,500,1500,1
M,500,1500,1
M,500,1500,1
M,500,1500,1
M,500,1500,1
M,500,1500,1
M,500,1500,1
M,500,1500,2
M,500,1500,1
M,500,1500,4
M,500,1500,1
M,500,1500,4
M,500,1500,1
M,500,1500,1
M,500,1500,1
M,500,1500,2
M,500,1500,2
M,500,1500,1
M,500,1500,1
M,500,1500,1
M-SR,500,1800,1
M-SR,500,1800,4
M-SR,500,1800,1
M-SR,500,1800,1
M-SR,500,1800,1
M-SR,500,1800,1
M-SR,500,1800,1
M-SR,500,1800,3
M-SR,500,1800,1
M-SR,500,1800,1
M-SR,500,1800,2
M-SR,500,1800,2
M-SR,500,1800,1
M-SR,500,1800,2
M-SR,500,1800,9
M-SR,500,1800,1
M-SR,500,1800,7
M-SR,500,1800,1
M-SR,500,1800,6
M-SR,500,1800,2
M-SR,500,1800,2
M-SR,500,1800,2
M-SR,500,1800,4
M-SR,500,1800,1
M-SR,500,1800,1
M-SR,500,1800,1
M-SR,500,1800,1
M-SR,500,1800,3
M-SR,500,1800,1
M-SR,500,1800,2
M-SR,500,1800,1
M-SR,500,1800,4
M-SR,500,1800,1
M-SR,500,1800,2
M-SR,500,1800,1
M-SR,500,1800,1
M-SR,500,1800,1
M-SR,500,1800,5
M-SR,500,1800,1
M-SR,500,1800,2
M-SR,500,1800,1
M-SR,500,1800,1
M-SR,500,1800,1
M-SR,500,1800,1
M-SR,500,1800,3
M-SR,500,1800,5
M-SR,500,1800,1
M-SR,500,1800,1
M-SR,500,1800,1
M-SR,500,1800,2
M-SR,500,1800,3
M-SR,500,1800,2
M-SR,500,1800,1
M-SR,500,1800,1
M-SR,500,1800,5
M-SR,500,1800,3
M-SR,500,1800,2
M-SR,500,1800,1
M-SR,500,1800,1
M-SR,500,1800,12
M-SR,500,1800,7
M-SR,500,1800,1
M-SR,500,1800,2
M-SR,500,1800,4
M-SR,500,1800,2
M-SR,500,1800,1
M-SR,500,1800,2
M-SR,500,1800,3
M-SR,500,1800,9
M-SR,500,1800,1
M-SR,500,1800,1
M-SR,500,1800,2
M-SR,500,1800,2
M-SR,500,1800,3
M-SR,500,1800,3
M-SR,500,1800,1
M-SR,500,1800,14
M-SR,500,1800,8
M-SR,500,1800,5
M-SR,500,1800,6
M-SR,500,1800,3
M-SR,500,1800,1
M-SR,500,1800,1
M-SR,500,1800,1
M-SR,500,1800,2
M-SR,500,1800,1
M-SR,500,1800,3
M-SR,500,1800,1
M-SR,500,1800,1
M-SR,500,1800,4
M-SR,500,1800,3
M-SR,500,1800,1
M-SR,500,1800,2
M-SR,500,1800,1
M-SR,500,1800,2
M-SR,500,1800,1
M-SR,500,1800,1
M-SR,500,1800,1
M-SR,500,1800,3
M-SR,500,1800,1
M-SR,500,1800,7
M-SR,500,1800,1
M-SR,500,1800,1
M-SR,500,1800,6
M-SR,500,1800,1
M-SR,500,1800,4
M-SR,500,1800,4
M-SR,500,1800,2
M-SR,500,1800,3
M-SR,500,1800,2
M-SR,500,1800,11
M-SR,500,1800,2
M-SR,500,1800,1
M-SR,500,1800,1
M-SR,500,1800,1
M-SR,500,1800,3
M-SR,500,1800,1
M-SR,500,1800,1
M-SR,500,1800,1
M-SR,500,1800,1
M-SR,500,1800,1
M-SR,500,1800,3
M-SR,500,1800,2
M-SR,500,1800,9
M-SR,500,1800,2
M-SR,500,1800,24
M-SR,500,1800,1
M-SR,500,1800,4
M-SR,500,1800,5
M-SR,500,1800,2
M-SR,500,1800,6
M-SR,500,1800,3
M-SR,500,1800,1
M-SR,500,1800,14
M-SR,500,1800,7
M-SR,500,1800,3
M-SR,500,1800,9
M-SR,500,1800,5
M-SR,500,1800,1
M-SR,500,1800,1
M-SR,500,1800,3
M-SR,500,1800,2
M-SR,500,1800,6
M-SR,500,1800,3
M-SR,500,1800,2
M-SR,500,1800,8
M-SR,500,1800,7
M-SR,500,1800,10
M-SR,500,1800,5
M-SR,500,1800,1
M-SR,500,1800,1
M-SR,500,1800,3
M-SR,500,1800,1
M-SR,500,1800,1
M-SR,500,1800,1
M-SR,500,1800,2
M-SR,500,1800,7
M-SR,500,1800,1
SR,1500,1800,1
SR,1500,1800,3
SR,1500,1800,1
SR,1500,1800,1
SR,1500,1800,2
SR,1500,1800,2
SR,1500,1800,7
SR,1500,1800,3
SR,1500,1800,2
SR,1500,1800,3
SR,1500,1800,1
SR,1500,1800,2
SR,1500,1800,1
SR,1500,1800,7
SR,1500,1800,2
SR,1500,1800,1
SR,1500,1800,2
SR,1500,1800,1
SR,1500,1800,1
SR,1500,1800,2
SR,1500,1800,3
SR,1500,1800,3
SR,1500,1800,2
SR,1500,1800,1
SR,1500,1800,2
SR,1500,1800,1
SR,1500,1800,5
SR,1500,1800,2
SR,1500,1800,1
SR,1500,1800,3
SR,1500,1800,3
SR,1500,1800,1
SR,1500,1800,2
SR,1500,1800,1
SR,1500,1800,1
SR,1500,1800,1
SR,1500,1800,1
SR,1500,1800,11
SR,1500,1800,2
SR,1500,1800,9
SR,1500,1800,4
SR,1500,1800,1
SR,1500,1800,2
SR,1500,1800,1
SR,1500,1800,1
SR,1500,1800,1
SR,1500,1800,1
SR,1500,1800,1
SR,1500,1800,2
SR,1500,1800,1
SR,1500,1800,2
SR,1500,1800,1
SR,1500,1800,8
SR,1500,1800,2
SR,1500,1800,5
SR,1500,1800,6
SR,1500,1800,2
SR,1500,1800,2
SR,1500,1800,1
SR,1500,1800,1
SR,1500,1800,2
SR,1500,1800,5
SR,1500,1800,3
SR,1500,1800,2
SR,1500,1800,1
SR,1500,1800,1
SR,1500,1800,15
SR,1500,1800,3
SR,1500,1800,4
SR,1500,1800,1
SR,1500,1800,1
SR,1500,1800,1
SR,1500,1800,10
SR,1500,1800,1
SR,1500,1800,1
SR,1500,1800,1
SR,1500,1800,1
SR,1500,1800,1
SR,1500,1800,1
SR,1500,1800,2
SR,1500,1800,1
SR,1500,1800,4
SR,1500,1800,1
SR,1500,1800,3
SR,1500,1800,1
SR,1500,1800,1
SR,1500,1800,1
SR,1500,1800,1
SR,1500,1800,9
SR,1500,1800,3
SR,1500,1800,2
SR,1500,1800,3
SR,1500,1800,2
SR,1500,1800,3
SR,1500,1800,1
SR,1500,1800,1
SR,1500,1800,2
SR,1500,1800,1
SR,1500,1800,2
SR,1500,1800,1
SR,1500,1800,2
SR,1500,1800,2
SR,1500,1800,1
SR,1500,1800,2
SR,1500,1800,3
SR,1500,1800,2
SR,1500,1800,2
SR,1500,1800,2
SR,1500,1800,1
SR,1500,1800,1
SR,1500,1800,2
SR,1500,1800,3
SR,1500,1800,1
SR,1500,1800,3
SR,1500,1800,1
SR,1500,1800,7
SR,1500,1800,5
SR,1500,1800,2
SR,1500,1800,2
SR,1500,1800,5
SR,1500,1800,4
SR,1500,1800,5
SR,1500,1800,2
SR,1500,1800,3
SR,1500,1800,1
SR,1500,1800,4
SR,1500,1800,2
SR,1500,1800,4
SR,1500,1800,2
SR,1500,1800,11
SR,1500,1800,4
SR,1500,1800,1
SR,1500,1800,2
SR,1500,1800,1
SR,1500,1800,1
SR,1500,1800,1
SR,1500,1800,2
SR,1500,1800,18
SR,1500,1800,4
SR,1500,1800,5
SR,1500,1800,1
SR,1500,1800,2
SR,1500,1800,7
SR,1500,1800,4
SR,1500,1800,6
SR,1500,1800,4
SR,1500,1800,1
SR,1500,1800,3
SR,1500,1800,5
SR,1500,1800,1
SR,1500,1800,2
SR,1500,1800,8
SR,1500,1800,1
SR,1500,1800,3
SR,1500,1800,2
SR,1500,1800,18
SR,1500,1800,47
SR,1500,1800,11
SR,1500,1800,5
SR,1500,1800,2
SR,1500,1800,3
SR,1500,1800,1
SR,1500,1800,3
SR,1500,1800,2
SR,1500,1800,3
SR,1500,1800,3
SR,1500,1800,3
SR,1500,1800,6
SR,1500,1800,3
SR,1500,1800,1
SR,1500,1800,1
SR,1500,1800,2
SR,1500,1800,2
SR,1500,1800,2
SR,1500,1800,1
SR,1500,1800,1
SR,1500,1800,1
SR,1500,1800,1
SR,1500,1800,5
SR,1500,1800,2
SR,1500,1800,10
SR,1500,1800,12
SR,1500,1800,1
SR,1500,1800,1
SR,1500,1800,1
SR,1500,1800,3
SR,1500,1800,1
SR,1500,1800,1
SR,1500,1800,1
SR,1500,1800,1
SR,1500,1800,3
SR,1500,1800,1
SR,1500,1800,1
SR,1500,1800,6
SR,1500,1800,2
SR,1500,1800,13
SR,1500,1800,17
SR,1500,1800,4
SR,1500,1800,1
SR,1500,1800,10
SR,1500,1800,4
SR,1500,1800,5
SR,1500,1800,2
SR,1500,1800,1
SR,1500,1800,3
SR,1500,1800,3
SR,1500,1800,5
SR,1500,1800,10
SR,1500,1800,11
SR,1500,1800,6
SR,1500,1800,13
SR,1500,1800,10
SR,1500,1800,4
SR,1500,1800,1
SR,1500,1800,12
SR,1500,1800,1
SR,1500,1800,3
SR,1500,1800,15
SR,1500,1800,2
SR,1500,1800,1
SR,1500,1800,8
SR,1500,1800,1
SR,1500,1800,3
SR,1500,1800,2
SR,1500,1800,5
SR,1500,1800,7
SR,1500,1800,70
SR,1500,1800,5
SR,1500,1800,2
SR,1500,1800,13
SR,1500,1800,1
SR,1500,1800,1
SR,1500,1800,8
SR,1500,1800,1
SR,1500,1800,2
SR,1500,1800,1
SR,1500,1800,1
SR,1500,1800,2
SR,1500,1800,9
SR,1500,1800,2
SR,1500,1800,7
SR,1500,1800,6
SR,1500,1800,1
SR,1500,1800,4
SR,1500,1800,3
SR,1500,1800,1
SR,1500,1800,2
SR,1500,1800,1
SR,1500,1800,2
SR,1500,1800,1
SR,1500,1800,1
SR,1500,1800,1
SR,1500,1800,1
SR,1500,1800,3
SR,1500,1800,1
SR,1500,1800,1
SR,1500,1800,4
SR,1500,1800,19
SR,1500,1800,2
SR,1500,1800,13
SR,1500,1800,20
SR,1500,1800,5
SR,1500,1800,7
SR,1500,1800,15
SR,1500,1800,2
SR,1500,1800,3
SR,1500,1800,2
SR,1500,1800,12
SR,1500,1800,3
SR,1500,1800,6
SR,1500,1800,3
SR,1500,1800,3
SR,1500,1800,3
SR,1500,1800,4
SR,1500,1800,1
SR,1500,1800,7
SR,1500,1800,10
SR,1500,1800,3
SR,1500,1800,1
SR,1500,1800,2
SR,1500,1800,1
SR,1500,1800,3
SR,1500,1800,5
SR,1500,1800,2
SR,1500,1800,1
SR,1500,1800,2
SR,1500,1800,2
SR,1500,1800,7
SR,1500,1800,1
SR,1500,1800,1
SR,1500,1800,6
SR,1500,1800,4
SR,1500,1800,4
SR,1500,1800,3
SR,1500,1800,5
SR,1500,1800,13
SR,1500,1800,1
SR,1500,1800,3
SR,1500,1800,2
SR,1500,1800,7
SR,1500,1800,3
SR,1500,1800,10
SR,1500,1800,1
SR,1500,1800,1
SR,1500,1800,6
SR,1500,1800,2
SR,1500,1800,5
SR,1500,1800,5
SR,1500,1800,1
SR,1500,1800,2
SR,1500,1800,9
SR,1500,1800,9
SR,1500,1800,3
SR,1500,1800,6
SR,1500,1800,3
SR,1500,1800,4
SR,1500,1800,9
SR,1500,1800,3
SR,1500,1800,1
SR,1500,1800,8
SR,1500,1800,3
SR,1500,1800,4
SR,1500,1800,1
SR,1500,1800,1
SR,1500,1800,1
SR,1500,1800,3
SR,1500,1800,1
SR,1500,1800,1
SR,1500,1800,6
SR,1500,1800,4
SR,1500,1800,2
SR,1500,1800,6
SR,1500,1800,1
SR,1500,1800,12
SR,1500,1800,6
SR,1500,1800,14
SR,1500,1800,1
SR,1500,1800,2
SR,1500,1800,2
SR,1500,1800,12
SR,1500,1800,1
SR,1500,1800,1
SR,1500,1800,2
SR,1500,1800,2
SR,1500,1800,2
SR,1500,1800,1
SR,1500,1800,8
SR,1500,1800,2
SR,1500,1800,3
SR,1500,1800,2
SR,1500,1800,2
SR,1500,1800,2
SR,1500,1800,2
SR,1500,1800,2
SR,1500,1800,1
SR,1500,1800,3
SR,1500,1800,1
SR,1500,1800,1
SR,1500,1800,2
SR,1500,1800,2
SR,1500,1800,5
SR,1500,1800,3
SR,1500,1800,1
SR,1500,1800,2
SR,1500,1800,1
SR,1500,1800,1
SR,1500,1800,1
SR,1500,1800,1
SR,1500,1800,2
SR,1500,1800,1
SR,1500,1800,1
SR,1500,1800,1
SR,1500,1800,1
SR,1500,1800,4
SR,1500,1800,1
SR,1500,1800,4
SR,1500,1800,9
SR,1500,1800,9
SR,1500,1800,6
SR,1500,1800,20
SR,1500,1800,8
SR,1500,1800,3
SR,1500,1800,1
SR,1500,1800,2
SR,1500,1800,4
SR,1500,1800,2
SR,1500,1800,7
SR,1500,1800,1
SR,1500,1800,2
SR,1500,1800,1
SR,1500,1800,1
SR,1500,1800,2
SR,1500,1800,4
SR,1500,1800,6
SR,1500,1800,6
SR,1500,1800,2
SR,1500,1800,1
SR,1500,1800,7
SR,1500,1800,1
SR,1500,1800,2
SR,1500,1800,6
SR,1500,1800,1
SR,1500,1800,1
SR,1500,1800,1
SR,1500,1800,1
SR,1500,1800,1
SR,1500,1800,1
SR,1500,1800,2
SR,1500,1800,1
SR,1500,1800,1
SR,1500,1800,2
SR,1500,1800,3
SR,1500,1800,5
SR,1500,1800,1
SR,1500,1800,5
SR,1500,1800,1
SR,1500,1800,1
SR,1500,1800,3
SR,1500,1800,1
SR,1500,1800,1
SR,1500,1800,1
SR,1500,1800,1
SR,1500,1800,1
SR,1500,1800,3
SR,1500,1800,1
SR,1500,1800,1
SR,1500,1800,3
SR,1500,1800,2
SR,1500,1800,2
SR,1500,1800,1
SR,1500,1800,2
SR,1500,1800,1
SR,1500,1800,2
SR,1500,1800,2
SR,1500,1800,6
SR,1500,1800,1
SR,1500,1800,1
SR,1500,1800,1
SR,1500,1800,1
SR,1500,1800,7
SR,1500,1800,2
SR,1500,1800,4
SR,1500,1800,1
SR,1500,1800,1
SR,1500,1800,1
SR,1500,1800,6
SR,1500,1800,1
SR,1500,1800,2
SR,1500,1800,1
SR,1500,1800,1
SR,1500,1800,1
SR,1500,1800,4
SR,1500,1800,2
SR,1500,1800,2
SR,1500,1800,1
SR,1500,1800,1
SR,1500,1800,1
SR,1500,1800,3
SR,1500,1800,1
SR,1500,1800,1
SR,1500,1800,1
SR,1500,1800,1
SR,1500,1800,8
